id,user,fullname,url,timestamp,replies,likes,retweets,text
1714627565778,olvelez007,Oliver L. Velez  13%'er Bitcoiner,,2024-05-01T22:38:58.000Z,70,802,79,"I taught my mother to just look at the 200 week moving average to keep track of her #btc‚ÄØ‚ÄØ‚ÄØ position. I took the daily price off so she can't even see it. She checks on her holdings every few weeks and says, ""Son, it's still going up. Amazing!"" I respond, ""Yes, it is mom.""‚Ä¶Show more"
1714627566855,naiivememe,naiive,,2024-05-01T20:35:57.000Z,94,2955,541,#BTC Halving
1714627572932,DrProfitCrypto,Doctor Profit ,,2024-05-01T20:10:45.000Z,219,2359,179,Taking #BTC profits in this region is absolutely no option for me and never came in my mind to sell even 1% of my portfolio that was bought at 16-18k!My targets are clear and I will hold my bags till reaching targets above 100k and more. Soon you will understand..
1714627574004,rektcapital,Rekt Capital,,2024-05-01T19:24:30.000Z,91,935,164,#BTC has made new lows during this corrective periodThis is now a -23.5% retrace$BTC #Crypto #Bitcoin
1714627580067,CryptoWizardd,WIZZ ( beware scammers ),,2024-05-01T19:03:56.000Z,210,2659,191,Remember the doomcallers.We finish them soon. Mark my words #btc
1714627586147,intocryptoverse,Benjamin Cowen,,2024-05-01T18:46:02.000Z,81,1039,45,Powell: ‚Äú#BTC dominance will top when I say it tops‚Äù
1714627587225,KevinSvenson_,Kevin Svenson,,2024-05-01T18:19:48.000Z,71,998,182,#BITCOIN | CRITICAL ZONE PARABOLIC TREND   UPDATE #BTC $BTC
1714627588286,DefendDark,Dark Defender,,2024-05-01T17:58:23.000Z,25,484,94,"Hi all. We expected #XRP/#BTC to be broken in April.We have tested it in the last 2 weeks, and, Yes, at last, XRP is waking up!You can find Weekly, Monthly and 3 Monthly time frame updates of the pair below.Enjoy!"
1714627600378,KevinSvenson_,Kevin Svenson,,2024-05-01T18:19:48.000Z,71,998,182,#BITCOIN | CRITICAL ZONE PARABOLIC TREND   UPDATE #BTC $BTC
1714627601454,DefendDark,Dark Defender,,2024-05-01T17:58:23.000Z,25,484,94,"Hi all. We expected #XRP/#BTC to be broken in April.We have tested it in the last 2 weeks, and, Yes, at last, XRP is waking up!You can find Weekly, Monthly and 3 Monthly time frame updates of the pair below.Enjoy!"
1714627602528,MMCrypto,MMCrypto,,2024-05-01T17:47:57.000Z,191,1161,120,#BTC & #ETH TRADE UPDATE: Down to $6 million profit!
1714627603593,BitcoinPierre,Pierre Rochard,,2024-05-01T17:40:51.000Z,78,1376,159,"Just sent #BTC back and forth between @Coinbase and @krakenfx over Lightning It works very well! A dream come true. Congratulations to all the teams that made it happen: protocol devs, database engineers, frontend designers, cybersecurity, compliance, support, and marketing‚Ä¶Show more"
1714627604665,rektcapital,Rekt Capital,,2024-05-01T17:10:43.000Z,67,687,123,$ALTSAltcoins are following the plan perfectly...Altcoins bottomed in early February Altcoins sold off around the #BTC Halving Altcoins to bottom early Summer $BTC #BitcoinHalving #BitcoinShow more
1714627605739,rektcapital,Rekt Capital,,2024-05-01T17:06:32.000Z,93,951,212,"#BTCThe more Bitcoin consolidates anywhere between current price levels & $70,000 after the Halving...The more this cycle will decelerate and resynchronise with its regular historically-recurring Halving Cycle with a Bull Market peak in mid-September/October 2025$BTC‚Ä¶Show more"
1714627606804,BitcoinMagazine,Bitcoin Magazine,,2024-05-01T16:58:09.000Z,329,3957,671,NEW: Cathie Wood says #Bitcoin could now reach $3.8 million by 2030 if institutional investors allocate more than 5% of their portfolios to #BTC 
1714627607860,KevinSvenson_,Kevin Svenson,,2024-05-01T16:54:05.000Z,27,597,50,Replying to @PeterSchiff
1714627613935,CryptoWizardd,WIZZ ( beware scammers ),,2024-05-01T16:03:43.000Z,223,2704,164,I been here 3 cycles. I know why most reply boys are still broke Lvrg trading. Blaming others and doing 0 research last but not least. Lack of patience.They want x100 overnight #btc
1714627615000,intocryptoverse,Benjamin Cowen,,2024-05-01T15:48:16.000Z,59,505,59,"At this point in the last 2 cycles (measured peak-to-peak), #BTC was still 50% down from the all time highs.Really goes to show just how heated the market got before the halving.Still looks 2019-esque to me. Market got heated then too, then cooled off for 6-9 months"
1714627616063,airdropinspect,Airdrop Inspector,,2024-05-01T15:45:49.000Z,203,915,972,"New airdrop: ChainFi (ROGUE)Total Reward: 10 Million ROGUERate: Winners: 4,500 Random & Top 200Distribution: within 1st JuneBot Airdrop Link: https://t.me/ChainFi_bot#Airdrop #Airdrops #Airdropinspector #BASE #ETH #ChainFi #ROGUE #TelegramAirdrop #AirdropBot‚Ä¶Show more"
1714627617129,intocryptoverse,Benjamin Cowen,,2024-05-01T15:10:02.000Z,92,708,88,"There is still a real risk of #ALT / #BTC pairs capitulating to the range lows in the coming months.I saw it happen last cycle just before rate cuts arrived, and wish I had thought about that outcome, which is why I keep reminding you. Nothing with investing is a sure thing"
1714627634222,CryptoWizardd,WIZZ ( beware scammers ),,2024-05-01T16:03:43.000Z,223,2704,164,I been here 3 cycles. I know why most reply boys are still broke Lvrg trading. Blaming others and doing 0 research last but not least. Lack of patience.They want x100 overnight #btc
1714627635291,intocryptoverse,Benjamin Cowen,,2024-05-01T15:48:16.000Z,59,505,59,"At this point in the last 2 cycles (measured peak-to-peak), #BTC was still 50% down from the all time highs.Really goes to show just how heated the market got before the halving.Still looks 2019-esque to me. Market got heated then too, then cooled off for 6-9 months"
1714627636366,airdropinspect,Airdrop Inspector,,2024-05-01T15:45:49.000Z,203,915,972,"New airdrop: ChainFi (ROGUE)Total Reward: 10 Million ROGUERate: Winners: 4,500 Random & Top 200Distribution: within 1st JuneBot Airdrop Link: https://t.me/ChainFi_bot#Airdrop #Airdrops #Airdropinspector #BASE #ETH #ChainFi #ROGUE #TelegramAirdrop #AirdropBot‚Ä¶Show more"
1714627637433,intocryptoverse,Benjamin Cowen,,2024-05-01T15:10:02.000Z,92,708,88,"There is still a real risk of #ALT / #BTC pairs capitulating to the range lows in the coming months.I saw it happen last cycle just before rate cuts arrived, and wish I had thought about that outcome, which is why I keep reminding you. Nothing with investing is a sure thing"
1714627638491,rektcapital,Rekt Capital,,2024-05-01T13:40:06.000Z,71,669,224,#BTCSince the November 2022 Bear Market Bottom...Bitcoin has experienced the following retraces:‚Ä¢ -23% (February 2023) lasting 21 days‚Ä¢ -21% (April/May 2023) lasting 63 days‚Ä¢ -22% (July/September 2023) lasting 63 days‚Ä¢ -21% (January 2024) lasting 14 days‚Ä¢‚Ä¶Show more
1714627639553,PrimeXBT,PrimeXBT,,2024-05-01T13:29:19.000Z,34,708,723," Predict the future with Crypto Futures. What price will #BTC open at next Monday?Rules: Comment your guess below Follow @PrimeXBT, RT & tag 3 friends  Register: https://eng.primexbt.com/3SSoVar The closest price wins $25 in $BTC Ends Friday at 23:59 UTC"
1714627640613,intocryptoverse,Benjamin Cowen,,2024-05-01T13:25:04.000Z,179,2322,216,#BTC is back near its bull market support band
1714627641686,rektcapital,Rekt Capital,,2024-05-01T13:23:12.000Z,113,1496,339,#BTCHere is a list of all Bitcoin pullbacks dating to the Bear Market Bottom of 2022:‚Ä¢ -23% (February 2023)‚Ä¢ -21% (April/May 2023)‚Ä¢ -22% (July/September 2023)‚Ä¢ -21% (January 2024)‚Ä¢ -18% (March 2024)‚Ä¢ -23.6% (April/May 2024)This current retrace is officially‚Ä¶Show more
1714627642745,leonardnftpage,Solana Leonard ‚úò,,2024-05-01T12:44:42.000Z,424,515,527,GIVEAWAY$50 $USDC  Repost + LIKE  Follow @leonardnftpage  Comment an Emoj Below! 24 Hr. #Solana #Sol #Airdrop #ETHShow more
1714627643801,Scavacini777,Henry Scavacini(BTC FAM),,2024-05-01T12:38:40.000Z,141,796,53,"This is where We separate the men from boys,When I saw #BTC at 57k, I jumped out of bed,Picked up an extra shift las minute,And got a smile from ear to ear-This Friday I plan on stacking 2 million sats,This is where millionaires are made, if you sell now, u dont deserve‚Ä¶Show more"
1714627644861,JasmyMGT,Jasmy-MGT,,2024-05-01T12:25:36.000Z,52,740,334,100 million #Jasmy Coin lockup started on May 1 at @BITPointJP #BTC @HARA_JasmyCFO #Lockup$Jasmy
1714627656951,Scavacini777,Henry Scavacini(BTC FAM),,2024-05-01T12:38:40.000Z,141,796,53,"This is where We separate the men from boys,When I saw #BTC at 57k, I jumped out of bed,Picked up an extra shift las minute,And got a smile from ear to ear-This Friday I plan on stacking 2 million sats,This is where millionaires are made, if you sell now, u dont deserve‚Ä¶Show more"
1714627658022,JasmyMGT,Jasmy-MGT,,2024-05-01T12:25:36.000Z,52,740,334,100 million #Jasmy Coin lockup started on May 1 at @BITPointJP #BTC @HARA_JasmyCFO #Lockup$Jasmy
1714627659290,naiivememe,naiive,,2024-05-01T11:57:36.000Z,54,1573,383,#BTC Crypto Hodler:
1714627660381,Washigorira,Titan of Crypto,,2024-05-01T10:32:18.000Z,123,928,188,"#Bitcoin Correction to $51,600 and then $110,000?Unfortunately #BTC closed the monthly candle below the $61,300, level we were monitoring carefully. Hopefully it is just manipulation but if we stick only to the technical aspects, the 2Monthly chart just printed a reversal‚Ä¶Show more"
1714627661462,TheBTCTherapist,The ‚Çøitcoin Therapist,,2024-05-01T10:00:39.000Z,69,1962,333,This is the way. #BTC
1714627662549,naiivememe,naiive,,2024-05-01T10:00:01.000Z,23,794,104,"Friend:"" how's #BTC halving goin? ""Long Trader:"
1714627663637,naiivememe,naiive,,2024-05-01T09:35:18.000Z,24,787,108,* #BTC crashes -30% after pumped +450% *Everyone :
1714627664727,rektcapital,Rekt Capital,,2024-05-01T09:21:42.000Z,116,1197,368,#BTC We are here (orange circle)And we've seen Post-Halving pullbacks like this in the past (e.g. 2016)$BTC #Bitcoin #BitcoinHalving
1714627665805,rektcapital,Rekt Capital,,2024-05-01T09:18:03.000Z,56,591,105,#BTC When possibility becomes a reality$BTC #BitcoinHalving #Bitcoin
1714627666896,naiivememe,naiive,,2024-05-01T09:05:34.000Z,66,2808,282,#BTC New Trader after buying at 74K last month
1714627679018,rektcapital,Rekt Capital,,2024-05-01T09:18:03.000Z,56,591,105,#BTC When possibility becomes a reality$BTC #BitcoinHalving #Bitcoin
1714627680102,naiivememe,naiive,,2024-05-01T09:05:34.000Z,66,2808,282,#BTC New Trader after buying at 74K last month
1714627681197,rektcapital,Rekt Capital,,2024-05-01T08:50:17.000Z,147,1670,299,"#BTC Deepest pullback in this cycle?This current retrace is officially the deepest (-23.6%), recently eclipsing the -22.9% retrace from early 2023Longest pullback in this cycle?63 daysThis current pullback is -23.6% deep and 48 days longBitcoin has already eclipsed‚Ä¶Show more"
1714627682282,rektcapital,Rekt Capital,,2024-05-01T08:42:06.000Z,248,2650,475,#BTC This is officially the deepest retrace in the cycle (-23.6%)$BTC #BitcoinHalving #Bitcoin
1714627683446,rektcapital,Rekt Capital,,2024-05-01T08:40:09.000Z,109,881,125,#BTC Bitcoin has officially lost the area that acted as support since early MarchThis is now a -23.5% retrace$BTC #BitcoinHalving #Bitcoin
1714627684523,naiivememe,naiive,,2024-05-01T07:54:15.000Z,58,1904,201,*Crypto Market right now *Me buying another $50 #BTC dip :
1714627685600,naiivememe,naiive,,2024-05-01T07:49:43.000Z,30,504,39,#BTC Capo right now :
1714627686673,Bitcoinhabebe,BitcoinHabebe,,2024-05-01T07:49:41.000Z,107,492,118,#BTC sitting at the area I specified yesterday & it should hold. A fake down wick from here is possible but this area should be bottom otherwise we are all wrong and the bears were right . I think this is last shakeout. Khalas.

1714595130620,frankcorva,Frank Corva,,2024-04-26T23:16:50.000Z,83,730,108,I saw the future of #Bitcoin mining today.@heatbit_com will soon make it possible for people to mine #BTC while keeping their home warm.Truly remarkable.
1714595131687,thomas_fahrer,Thomas | heyapollo.com,,2024-04-26T23:16:11.000Z,19,635,88,ARK buys 85 #BTC today ($5.4M)
1714595132746,BenWerkman,Ben Werkman,,2024-04-26T22:04:29.000Z,28,483,96,"If you didn‚Äôt think Saylor was a giga brain before, listen to this 10 times.  He is playing 3D chess while everyone else plays checkers.$MSTR #Bitcoin #BTC"
1714595133809,MatthewHyland_,Matthew Hyland,,2024-04-26T20:52:30.000Z,37,593,97,#BTC Monthly Update:
1714595134874,Washigorira,Titan of Crypto,,2024-04-26T18:00:40.000Z,46,716,137,"#Bitcoin Ongoing Bull Market. #BTC is currently going through a boring phase of the bull market. But it will resume soon.According to RVGI, Bitcoin has still room to go up before finding its cycle top. "
1714595135925,AltstreetBet,·¥Ä ü·¥õÍú±·¥õ Ä·¥á·¥á·¥õ  ô·¥á·¥õÍú±,,2024-04-26T17:11:28.000Z,48,784,215,We know where #BTC is going.
1714595148015,binance,Binance,,2024-04-26T16:00:43.000Z,222,947,261,#Binance is launching a presale of Cloud Mining products for #BTC mining!Purchase a new Cloud Mining product during the subscription period and get up to 30% off on cloud mining management fees More details here  https://binance.com/en/support/announcement/cb108e8d2f6a4217b57b7556f71f4e04?ref=AZTKZ9XS&utm_source=BinanceTwitter&utm_medium=GlobalSocial&utm_campaign=GlobalSocial‚Ä¶
1714595149069,AltcoinDailyio,Altcoin Daily,,2024-04-26T15:50:19.000Z,500,2026,545,Feels good to be in crypto! #BTC $ETH $ADA $SOL $ICP
1714595150146,Whorainzone6,Whorainzone,,2024-04-26T15:15:42.000Z,630,551,581," $300 #GiveAway Alert!Guys, as always, i am here!‚Äî Follow me‚Äî Rt this post‚Äî Tag 3 friends 48 hours#aidropalert #BTC"
1714595151209,BigDott_Sidra,SidraBank Updates,,2024-04-26T14:43:08.000Z,161,940,152,Sidra May be List on Binance in End of 2024! Are You Waiting ? Yes or No Join Telegram Based Free Hot MiningJoin Link https://t.me/herewalletbot/app?startapp=332655‚Ä¶Like   Retweet   Comment #SidraFamily #SidraBank #Airdrop #BTCShow more
1714595152273,maxkeiser,Max Keiser,,2024-04-26T14:27:17.000Z,138,1491,257,"‚ÄúMove to #ElSalvador, The New Land of the Free, Home of the #Bitcoin - no fentanyl crisis- no mass shootings- no looting- safest country in hemisphere- #BTC is legal tender - great coffee - great weather - great beaches- 3 pupusas for $1 - GDP  higher!Show more"
1714595153384,naiivememe,naiive,,2024-04-26T14:00:00.000Z,28,774,105,Day 6th after #BTC Halving
1714595154439,rektcapital,Rekt Capital,,2024-04-26T13:11:48.000Z,105,938,318,"#BTC3 Phases of The Bitcoin Halving1. The Transitional PhaseThe Transitional Phase consists of three sub-phases:‚Ä¢ 1a) The Pre-Halving ""Danger Zone"" (orange)‚Ä¢ 1b) The Final Pre-Halving Retrace (dark blue circle)‚Ä¢ 1c) The Post-Halving ""Danger Zone"" (purple)As we'llShow more"
1714595155493,naiivememe,naiive,,2024-04-26T13:06:57.000Z,51,1474,243,Day 6th after #BTC Halving
1714595156557,rektcapital,Rekt Capital,,2024-04-26T12:48:15.000Z,167,1341,390,"#BTC When Could Bitcoin Breakout From This Re-Accumulation Phase?Bitcoin tends to develop a Re-Accumulation Range around the HalvingHistorically, Bitcoin would consolidate in this Re-Accumulation Range for up to 150 days after the Halving before finally breaking out intoShow more"
1714595157602,Owlto_Finance,Owlto Finance(),,2024-04-26T11:05:38.000Z,57,664,627," Bridge to #BTC eco, free for 7 days!    Free bridging to BTC L2 networks: @MerlinLayer2 @BSquaredNetwork @BTClayer2 @MapProtocol @TaprootChain @BitlayerLabs @Coredao_Org   $BTC commissions are also available for the Referral Program!   http://owlto.finance"
1714595163675,mocryptoreal,Muhammad Crypto,,2024-04-26T10:16:52.000Z,10,547,70,GM Habibis Accumulation continues. I believe we move up from here. Patience. #BTC
1714595175754,Owlto_Finance,Owlto Finance(),,2024-04-26T11:05:38.000Z,57,664,627," Bridge to #BTC eco, free for 7 days!    Free bridging to BTC L2 networks: @MerlinLayer2 @BSquaredNetwork @BTClayer2 @MapProtocol @TaprootChain @BitlayerLabs @Coredao_Org   $BTC commissions are also available for the Referral Program!   http://owlto.finance"
1714595181831,mocryptoreal,Muhammad Crypto,,2024-04-26T10:16:52.000Z,10,547,70,GM Habibis Accumulation continues. I believe we move up from here. Patience. #BTC
1714595182884,Washigorira,Titan of Crypto,,2024-04-26T10:08:16.000Z,71,979,235,"#Bitcoin $93,800 Target still valid.The Kumo Cloud is still supporting #BTC price and the bull flag forming could still be playing out if it matches the following conditions:Bitcoin has to get back above Tenkan , Kijun .-> Tenkan -> Kijun"
1714595183935,naiivememe,naiive,,2024-04-26T10:00:02.000Z,145,7196,573,People who bought #BTC at 17K and never post anything
1714595184996,rektcapital,Rekt Capital,,2024-04-26T09:36:52.000Z,107,1018,436,"#BTC The Pre-Halving ""Danger Zone"" (orange) where historical Pre-Halving Retraces begin is overHowever, Bitcoin has just entered the Post-Halving ""Danger Zone"" where additional downside volatility can occur within a 3-week time window after the Halving, as per the 2016 cycleShow more"
1714595186135,rektcapital,Rekt Capital,,2024-04-26T09:34:02.000Z,103,1129,393,"#BTC The Bitcoin Post-Halving ""Danger Zone"" (purple) is where historical Post-Halving Retraces have continuedIn 2016, Bitcoin experienced additional downside in the following three weeks after the HalvingThis downside saw price drop into the Range Low and produce an -11%Show more"
1714595187179,IceCoinNews,ICE NEWS,,2024-04-26T08:06:31.000Z,418,1302,269,Do You Believe That Ice Can Reach 1 USD ?Yes or NoLike   |  Retweet   |  Comment #IceNetwork #SidraFamily #Airdrop #BTC‚ÄØ‚ÄØ‚ÄØ #CORE #Avive #Solana #ETH #Binance
1714595188239,coinexcom,CoinEx Global,,2024-04-26T07:58:24.000Z,69,620,60,"Hey frens - we are now offering staking service, making it easier than ever to earn on-chain income with $ETH staking! Start staking with as little as 0.01 ETH!  ()Begin staking in just one click: https://coinex.com/en/staking#CoinEx #ETH #Staking"
1714595189300,naiivememe,naiive,,2024-04-26T04:17:52.000Z,50,1347,142,‚Äúis the #BTC god candle in the room with us right now?‚Äù
1714595190357,thomas_fahrer,Thomas | heyapollo.com,,2024-04-26T01:45:54.000Z,34,547,69,Franklin Templeton Purchased 29 #BTC  Today ($2M)They were the only buyers!
1714595285556,MatthewHyland_,Matthew Hyland,,2024-04-25T23:41:46.000Z,56,1090,165,#BTC 3-Day Bollinger Bands:
1714595286617,RobinSeyr,Robin Seyr,,2024-04-25T21:38:38.000Z,54,613,147,How can a #BTC meme be so accurate:
1714595287674,AlemzadehC,‚ÄúCoosh‚Äù Alemzadeh,,2024-04-25T21:23:32.000Z,50,706,147,#BTC Weekly
1714595288734,dsjcrypto,DSJ,,2024-04-25T20:06:20.000Z,3,844,104,$BTC need to break out the purple trend on the top. $BTC #BTCX(twitter): http://x.com/dsjcryptoTelegram: https://t.me/dsjxcryptoBinance Square: DSJCRYPTOhttps://t.me/dsjxcrypto/115
1714595289793,JessicaVaugn,Jessica Vaugn,,2024-04-25T20:04:45.000Z,61,1729,186,"Spotted a pro @nayibbukele cup at Wi Spa in Korea Town, Los Angeles #btc"
1714595290850,CryptoWizardd,WIZZ ( beware scammers ),,2024-04-25T19:31:56.000Z,273,2328,318,Update on the wizz taI wouldnt be suprised if they take out those wicks below 60 k for the last time before they send it straight to 80 kOr we instant teleport to 80 k Regardless before dumb people make comments. Zoom out. We are going up. First target 80 >> 75 > 100 k #btc
1714595302944,JessicaVaugn,Jessica Vaugn,,2024-04-25T20:04:45.000Z,61,1729,186,"Spotted a pro @nayibbukele cup at Wi Spa in Korea Town, Los Angeles #btc"
1714595304015,CryptoWizardd,WIZZ ( beware scammers ),,2024-04-25T19:31:56.000Z,273,2328,318,Update on the wizz taI wouldnt be suprised if they take out those wicks below 60 k for the last time before they send it straight to 80 kOr we instant teleport to 80 k Regardless before dumb people make comments. Zoom out. We are going up. First target 80 >> 75 > 100 k #btc
1714595305068,DigPerspectives,Digital Perspectives #LevelPlayingField,,2024-04-25T19:13:59.000Z,45,657,179,Hey @coinbase does #ETH get the same treatment that #XRP did? When delist #Eth?
1714595306135,BitcoinMagazine,Bitcoin Magazine,,2024-04-25T18:36:04.000Z,154,2536,490,"JUST IN: Cantor Fitzgerald CEO says the #Bitcoin halving was a ""benefit"" and #BTC will pump over the next 4 years "
1714595307185,beckandbulow,Beck & Bulow,,2024-04-25T18:19:54.000Z,39,485,78,We are now accepting Bitcoin in store and online!! #BITCOIN #btc
1714595308282,RichardHeartWin,Richard Heart,,2024-04-25T18:19:39.000Z,70,1789,455,"#Bitcoin time for the good news, all time high price 42 days ago, #Ethereum didn't ATH yet and is next most likely to get ETF(ETP). Less #cryptocurrency $ hacked, likely better security. http://PulseChain.com has 10,000x lower fess than #BTC and more features, nice."
1714595309341,KevinSvenson_,Kevin Svenson,,2024-04-25T17:37:13.000Z,69,886,251,"$BTC.D | Alt-Season is fast approaching. $Alt-Season is misunderstood. People tend to think that #AltSeason is ""bad for Bitcoin"" ... this is not true. Alt-Season is an indication of high interest/demand for cryptocurrencies which also drives #BTC's price up."
1714595310390,roberto_saudi,Sheikh Roberto,,2024-04-25T17:36:48.000Z,65,807,112,i‚Äôm going to #btc country in May  El Salvador  hmu if you want to meet up and talk #bitcoin
1714595311442,rektcapital,Rekt Capital,,2024-04-25T17:26:55.000Z,214,1688,452,"#BTCThe Bitcoin ""Danger Zone""The Bitcoin Pre-Halving ""Danger Zone"" (orange) is where historical Pre-Halving Retraces have begunHistorically, Bitcoin has performed Pre-Halving Retraces 14-28 days before the HalvingThis cycle was no different and here's why:BecauseShow more"
1714595312493,satoshimoneybtc,Satoshi,,2024-04-25T17:04:33.000Z,55,584,157,"Today we used #Bitcoin to buy McDonalds in Lugano, Switzerland. It‚Äôs happening‚Ä¶gradually then suddenly.Lugano has 100‚Äôs of merchants accepting #BTC on lightning right now."
1714595313556,MatthewHyland_,Matthew Hyland,,2024-04-25T17:00:04.000Z,32,508,105,"#BTC Weekly right below the 10 SMA again, we will see how it closes:"
1714595325688,satoshimoneybtc,Satoshi,,2024-04-25T17:04:33.000Z,55,584,157,"Today we used #Bitcoin to buy McDonalds in Lugano, Switzerland. It‚Äôs happening‚Ä¶gradually then suddenly.Lugano has 100‚Äôs of merchants accepting #BTC on lightning right now."
1714595326736,MatthewHyland_,Matthew Hyland,,2024-04-25T17:00:04.000Z,32,508,105,"#BTC Weekly right below the 10 SMA again, we will see how it closes:"
1714595327796,BitcoinMagazine,Bitcoin Magazine,,2024-04-25T16:05:35.000Z,346,2792,722,JUST IN: The first satoshi of #Bitcoin's fourth halving block just auctioned off for 33.3 #BTC worth over $2.1 million 
1714595328853,rektcapital,Rekt Capital,,2024-04-25T16:05:29.000Z,96,951,281,#BTC Bitcoin is still just consolidating inside its Re-Accumulation RangePrice dropping without context can be emotionally challenging But understanding that this downside is part of consolation within a technical range-bound structure that will precede Parabolic UpsideShow more
1714595329900,rektcapital,Rekt Capital,,2024-04-25T16:02:49.000Z,88,809,265,$ALTS Altcoin Market Cap following the path wellNow looking to establish stability at the $250bn support level which should be the bottom before the next impulse wave up#BTC #Bitcoin #BitcoinHalving
1714595330954,StockmoneyL,Stockmoney Lizards,,2024-04-25T15:45:00.000Z,80,889,166,$ETH - #BTC Is this finally the breakout that will push Alts or yet another fakeout?
1714595332068,Washigorira,Titan of Crypto,,2024-04-25T15:00:35.000Z,60,685,150,"#Bitcoin Bullish Momentum on the Monthly TF. #BTC is currently progressing in a new range between  $61,300 - $71,200. The momentum remains BULLISH until a clear monthly candle closes below it.No reversal wicks like in 2021. Only a retest of the past cycle highest candleShow more"
1714595333126,rektcapital,Rekt Capital,,2024-04-25T14:58:41.000Z,49,503,96,"‚ÄúThe next time a similar pullback occurs, it will be a must-take opportunity‚Äù#BTC #BitcoinHalving #Bitcoin"
1714595334185,BigDott_Sidra,SidraBank Updates,,2024-04-25T14:47:14.000Z,259,1000,182,Every Real User Will Get P2P Verified in Upcoming Days ! CEO SidraBankAre You Ready ? Yes or NoMine Here Wallet Telegram Hot MiningJoin Linkhttps://t.me/herewalletbot/app?startapp=332655‚Ä¶Like   |  Repost    |  Comment #SidraFamily #iceNetwork #Airdrop #BTCShow more
1714595335234,BitQua,BitQuant,,2024-04-25T13:37:20.000Z,67,805,92,"They might be using the recent price action to convince you that #Bitcoin won't skyrocket, but the truth is #BTC is poised to reach $95K soon, following a trajectory that will most likely hit $95K within the coming month."
1714595347337,BigDott_Sidra,SidraBank Updates,,2024-04-25T14:47:14.000Z,259,1000,182,Every Real User Will Get P2P Verified in Upcoming Days ! CEO SidraBankAre You Ready ? Yes or NoMine Here Wallet Telegram Hot MiningJoin Linkhttps://t.me/herewalletbot/app?startapp=332655‚Ä¶Like   |  Repost    |  Comment #SidraFamily #iceNetwork #Airdrop #BTCShow more
1714595348389,BitQua,BitQuant,,2024-04-25T13:37:20.000Z,67,805,92,"They might be using the recent price action to convince you that #Bitcoin won't skyrocket, but the truth is #BTC is poised to reach $95K soon, following a trajectory that will most likely hit $95K within the coming month."
1714595349440,Vivek4real_,Vivek,,2024-04-25T13:36:02.000Z,84,1195,90,‚ÄúFinally hit 1.5 #BTC at 22 years old.‚Äù
1714595350495,rektcapital,Rekt Capital,,2024-04-25T13:35:05.000Z,91,829,220,"#BTC   Bitcoin continues to reject from the $65600 resistance (black) after failing to reclaim it as supportBitcoin has been producing downside wicks into this $60600 pool of liquidity (green) for multiple weeks nowIf Bitcoin continues to slide, there's a chance price couldShow more"
1714595356562,follis_,„Éï „Ç© „É™ „Çπ,,2024-04-25T13:20:46.000Z,60,482,46,- Sweep 59k lows- Bounce at 57k / 58k- Accept back inside the range- Bulls say we are so back- Nuke again- Sweep to 55k / 56k- Bears say it's so over- Then we actually bounce- Break htf structure- Reclaim the range- New ath#BTCShow more
1714595357630,Airdrop_Exp,Airdrop - Free Crypto (For All),,2024-04-25T09:43:06.000Z,5,353,360," Another World Quiz-to-Earn Reward Pool Boost! Solve quizzes, complete task & earn from $300k $AWM pool dailyInstantly claim rewardsEarn $0.05 to $2 dailyAirdrop Event Page :  http://attends.anotherworld.gameAirdrop Guide : http://bit.ly/4a8W8op#Airdrop #BTC #BNBShow more"
1714595363705,BTC_for_Freedom,Bitcoin for Freedom,,2024-04-25T08:12:29.000Z,50,545,91,How early are we? In 2032 the block reward will be just 0.78125 #BTC. A lot of people are able to afford this today. You can then have the whole world‚Äôs mining power for 10 min in 2032. Imagine what that will be worth!
1714595364760,naiivememe,naiive,,2024-04-25T08:00:00.000Z,83,1205,234,Day 5 after #BTC Halving
1714595365817,naiivememe,naiive,,2024-04-25T06:55:35.000Z,70,2599,391,Day 5 after #BTC Halving
1714595366876,RobinSeyr,Robin Seyr,,2024-04-25T06:25:37.000Z,134,883,112,A part of history just got auctioned for 16 #BTC! Is that sign worth it?
1714595367933,thomas_fahrer,Thomas | heyapollo.com,,2024-04-25T03:18:22.000Z,34,490,69, ETFs Sold 1900 #BTC ($120M) TodayThis is the market to watch.
1714595385045,BTC_for_Freedom,Bitcoin for Freedom,,2024-04-25T08:12:29.000Z,50,545,91,How early are we? In 2032 the block reward will be just 0.78125 #BTC. A lot of people are able to afford this today. You can then have the whole world‚Äôs mining power for 10 min in 2032. Imagine what that will be worth!
1714595386098,naiivememe,naiive,,2024-04-25T08:00:00.000Z,83,1205,234,Day 5 after #BTC Halving
1714595387144,naiivememe,naiive,,2024-04-25T06:55:35.000Z,70,2599,391,Day 5 after #BTC Halving
1714595388205,RobinSeyr,Robin Seyr,,2024-04-25T06:25:37.000Z,134,883,112,A part of history just got auctioned for 16 #BTC! Is that sign worth it?
1714595389263,thomas_fahrer,Thomas | heyapollo.com,,2024-04-25T03:18:22.000Z,34,490,69, ETFs Sold 1900 #BTC ($120M) TodayThis is the market to watch.
1714595390308,thomas_fahrer,Thomas | heyapollo.com,,2024-04-25T00:37:18.000Z,12,479,74,Fidelity buys 86 #BTC today ($5.6M)
1714595511510,CryptoWizardd,WIZZ ( beware scammers ),,2024-04-30T22:14:19.000Z,161,1751,153,Gn friends.I hope you didnt sold the bottomWe resume up season shortly #btc
1714595512577,AlemzadehC,‚ÄúCoosh‚Äù Alemzadeh,,2024-04-30T21:13:58.000Z,55,605,88,#BTC So long as we get back into the cloud within 3 days this move is a trap The last trap saw #BTC  90%< 45 days
1714595513636,rektcapital,Rekt Capital,,2024-04-30T20:47:54.000Z,173,1728,293,#BTC has officially made new lows during this corrective periodThis is now a -20% retrace$BTC #Crypto #Bitcoin
1714595514690,CryptoWizardd,WIZZ ( beware scammers ),,2024-04-30T19:56:34.000Z,534,3150,344,Bottom #btc
1714595515754,rektcapital,Rekt Capital,,2024-04-30T19:52:28.000Z,71,889,190,#BTC Bitcoin is getting closer and closer to its final bottom with each additional -1% to the downside$BTC #BitcoinHalving #Bitcoin
1714595521822,CryptoWizardd,WIZZ ( beware scammers ),,2024-04-30T19:36:57.000Z,226,2439,158,Time to pay attention.#btc 
1714595522887,bull_bnb,Bull.BnB,,2024-04-30T19:32:20.000Z,157,623,103,Giga bullrun triggers in 4 months. #btc
1714595534985,rektcapital,Rekt Capital,,2024-04-30T19:52:28.000Z,71,889,190,#BTC Bitcoin is getting closer and closer to its final bottom with each additional -1% to the downside$BTC #BitcoinHalving #Bitcoin
1714595541094,CryptoWizardd,WIZZ ( beware scammers ),,2024-04-30T19:36:57.000Z,226,2439,158,Time to pay attention.#btc 
1714595542272,bull_bnb,Bull.BnB,,2024-04-30T19:32:20.000Z,157,623,103,Giga bullrun triggers in 4 months. #btc
1714595548344,RadarHits,Radar,,2024-04-30T18:29:24.000Z,96,2058,305,BREAKING: SEC Chair Gary Gensler knowingly misled Congress when pressed on the classification of #ETH - Congressman Patrick McHenry  
1714595549400,rektcapital,Rekt Capital,,2024-04-30T18:20:07.000Z,55,672,210,"#BTC Welcome to the Post-Halving ""Danger Zone"" (purple)$BTC #BitcoinHalving #Bitcoin"
1714595550463,rektcapital,Rekt Capital,,2024-04-30T18:19:23.000Z,44,731,123,$ALTS This Altcoin Hype Cycle graphic couldn't have been more accurate#BTC #BitcoinHalving #Bitcoin
1714595551517,rektcapital,Rekt Capital,,2024-04-30T18:10:07.000Z,56,924,164,#BTCWe are here (green circle)And if you can't really see the recent dip...That's precisely the point of this postThis retrace will be experienced but it won't be remembered$BTC #BitcoinHalving #BitcoinShow more
1714595552565,rektcapital,Rekt Capital,,2024-04-30T18:08:21.000Z,101,1347,373,#BTC Don't let this retrace distract you from where we are in the Bitcoin cycle$BTC #BitcoinHalving #Bitcoin
1714595553634,CryptoWizardd,WIZZ ( beware scammers ),,2024-04-30T17:31:18.000Z,422,3556,447,Watch this unfold. The final dip before the real melt up. #BTCThe road to 100 k starts soon
1714595559702,KevinSvenson_,Kevin Svenson,,2024-04-30T17:20:30.000Z,57,685,79,"Usually at this stage, when fear is high, #BTC prints a slightly lower low and then bounces. Upon that slightly lower low, fear spikes, retail investors panic sell, and big players/smart money buys upon the increased liquidity. Support is found. #Bitcoin"
1714595565763,WatcherGuru,Watcher.Guru,,2024-04-30T16:36:44.000Z,378,8644,1464,"JUST IN:  US House Financial Services says ""classifying #ETH as a security contradicts previous statements of the SEC and Chair Gensler."""
1714595566812,MatthewHyland_,Matthew Hyland,,2024-04-30T16:35:58.000Z,32,570,73,#BTC Daily now closing in on supportA real test underway currently:
1714595567862,rektcapital,Rekt Capital,,2024-04-30T15:57:19.000Z,103,1617,361,#BTCDeepest pullback in this cycle?-23%Longest pullback in this cycle?63 daysThis current pullback is -19% deep and 49 days longBitcoin is only -4% and 14 days away from equalling both the deepest & longest retrace in this cycle$BTC #BitcoinHalving #BitcoinShow more
1714595579937,rektcapital,Rekt Capital,,2024-04-30T18:10:07.000Z,56,924,164,#BTCWe are here (green circle)And if you can't really see the recent dip...That's precisely the point of this postThis retrace will be experienced but it won't be remembered$BTC #BitcoinHalving #BitcoinShow more
1714595580986,rektcapital,Rekt Capital,,2024-04-30T18:08:21.000Z,101,1347,373,#BTC Don't let this retrace distract you from where we are in the Bitcoin cycle$BTC #BitcoinHalving #Bitcoin
1714595582034,CryptoWizardd,WIZZ ( beware scammers ),,2024-04-30T17:31:18.000Z,422,3556,447,Watch this unfold. The final dip before the real melt up. #BTCThe road to 100 k starts soon
1714595588090,KevinSvenson_,Kevin Svenson,,2024-04-30T17:20:30.000Z,57,685,79,"Usually at this stage, when fear is high, #BTC prints a slightly lower low and then bounces. Upon that slightly lower low, fear spikes, retail investors panic sell, and big players/smart money buys upon the increased liquidity. Support is found. #Bitcoin"
1714595594153,WatcherGuru,Watcher.Guru,,2024-04-30T16:36:44.000Z,378,8644,1464,"JUST IN:  US House Financial Services says ""classifying #ETH as a security contradicts previous statements of the SEC and Chair Gensler."""
1714595595217,MatthewHyland_,Matthew Hyland,,2024-04-30T16:35:58.000Z,32,570,73,#BTC Daily now closing in on supportA real test underway currently:
1714595596263,rektcapital,Rekt Capital,,2024-04-30T15:57:19.000Z,103,1617,361,#BTCDeepest pullback in this cycle?-23%Longest pullback in this cycle?63 daysThis current pullback is -19% deep and 49 days longBitcoin is only -4% and 14 days away from equalling both the deepest & longest retrace in this cycle$BTC #BitcoinHalving #BitcoinShow more
1714595597313,rektcapital,Rekt Capital,,2024-04-30T15:54:42.000Z,100,1192,274,"#BTC Instead of thinking of the -18% March pullback and the -18% April pullback as two separate retraces...What if we assume they are part of one full retracement period?In that case, this correction is -19% deep and 49 days longBased on retraces in this cycle, theShow more"
1714595603391,CryptoWizardd,WIZZ ( beware scammers ),,2024-04-30T15:40:04.000Z,195,1551,227,$VELO is holding like an absolute beast.Once #btc recovers i think we will see hard bounces accross #AI coins AND other coins that performed well before$FET $INJ $PAAL $HASHAI $ARC $ATOR $VELO $DIONE
1714595604449,CryptoWizardd,WIZZ ( beware scammers ),,2024-04-30T15:11:40.000Z,150,1769,170,Nothing changed.If we break below 57/58 k this is not valid anymore. #btc.I dont see that happening. Bull mode re activated soon again.The final dip #btc 
1714595605510,KevinSvenson_,Kevin Svenson,,2024-04-30T15:06:46.000Z,73,1169,391,#Bitcoin's current setup is not much different than the previous consolidation. Which points to the potential for continuation. #BTC $BTC http://kraken.pxf.io/AW2gBJ
1714595606568,dsjcrypto,DSJ,,2024-04-30T14:40:48.000Z,3,1136,85,Will be like this? LOLÔºà50500Ôºâ$BTC #BTCX(twitter): http://x.com/dsjcryptoTelegram: https://t.me/dsjxcryptoBinance Square: DSJCRYPTOhttps://t.me/dsjxcrypto/132
1714595618658,KevinSvenson_,Kevin Svenson,,2024-04-30T15:06:46.000Z,73,1169,391,#Bitcoin's current setup is not much different than the previous consolidation. Which points to the potential for continuation. #BTC $BTC http://kraken.pxf.io/AW2gBJ
1714595619709,dsjcrypto,DSJ,,2024-04-30T14:40:48.000Z,3,1136,85,Will be like this? LOLÔºà50500Ôºâ$BTC #BTCX(twitter): http://x.com/dsjcryptoTelegram: https://t.me/dsjxcryptoBinance Square: DSJCRYPTOhttps://t.me/dsjxcrypto/132
1714595620768,FinancialCmte,Financial Services GOP,,2024-04-30T14:36:56.000Z,222,1457,369,"Classifying #ETH as a security contradicts previous statements of the SEC and Chair Gensler.Republicans will continue to hold the SEC accountable for its regulatory overreach that is stifling innovation, leaving consumers unprotected, and risking our national security."
1714595621820,PatrickMcHenry,Patrick McHenry,,2024-04-30T14:35:55.000Z,527,2290,780,#ICYMI: New court filings indicate that @SECGov Chair Gary Gensler knowingly misled Congress when pressed on the classification of #ETH at a @FinancialCmte hearing to conduct oversight of his agency. Read my full statement 
1714595622879,naiivememe,naiive,,2024-04-30T14:31:56.000Z,47,1886,203,"2020 me:"" i'll become a #BTC millionaire in 2024""also me in 2024:"
1714595623944,intocryptoverse,Benjamin Cowen,,2024-04-30T14:09:01.000Z,130,1032,147,"Last cycle, we saw #ALT /#BTC pairs capitulate just before rate cuts.Perhaps this time is not different? This would mean ALT/BTC pairs drop another 40% from here over the next few months.Short-term countertrends do not invalidate this view."
1714595624989,pakpakchicken,Chicken Genius,,2024-04-30T13:50:57.000Z,139,1296,151,"It's my believe we have bottomed for the alts. Sentiment is dead. LOVE IT. At the top, remember who was warning you? Also remember the idiots telling you #BTC  will pump to 100K? Block them. Most round trip their gains.Most don't understand, the higher the price, the higherShow more"
1714595626040,MatthewHyland_,Matthew Hyland,,2024-04-30T13:17:25.000Z,51,597,83,#BTC Monthly close incoming:
1714595627098,rektcapital,Rekt Capital,,2024-04-30T13:14:30.000Z,91,780,166,#BTC Bitcoin hasn't retraced deeper than the typical -18% to -23% pullbacks Bitcoin has experienced over the course of this cycleBitcoin hasn't even lost the lows it set two weeks ago$BTC #Crypto #Bitcoin
1714595633166,CryptoWizardd,WIZZ ( beware scammers ),,2024-04-30T13:13:07.000Z,222,3013,238,Clowns here arguing if they gonna buy #btc now at 61 k or 60 kHtf remains bullish. I expect the bounce to be glorius.  Max bottom as said before 58/59 k max longHave a great day.
1714595639239,rektcapital,Rekt Capital,,2024-04-30T13:10:45.000Z,135,2429,320,Bitcoin will retrace deep enough to convince you that the Bull Market is overAnd then it will resume its uptrend$BTC #BTC #Bitcoin
1714595651319,pakpakchicken,Chicken Genius,,2024-04-30T13:50:57.000Z,139,1297,151,"It's my believe we have bottomed for the alts. Sentiment is dead. LOVE IT. At the top, remember who was warning you? Also remember the idiots telling you #BTC  will pump to 100K? Block them. Most round trip their gains.Most don't understand, the higher the price, the higherShow more"
1714595652377,MatthewHyland_,Matthew Hyland,,2024-04-30T13:17:25.000Z,51,597,83,#BTC Monthly close incoming:
1714595653428,rektcapital,Rekt Capital,,2024-04-30T13:14:30.000Z,91,780,166,#BTC Bitcoin hasn't retraced deeper than the typical -18% to -23% pullbacks Bitcoin has experienced over the course of this cycleBitcoin hasn't even lost the lows it set two weeks ago$BTC #Crypto #Bitcoin
1714595659491,CryptoWizardd,WIZZ ( beware scammers ),,2024-04-30T13:13:07.000Z,222,3013,238,Clowns here arguing if they gonna buy #btc now at 61 k or 60 kHtf remains bullish. I expect the bounce to be glorius.  Max bottom as said before 58/59 k max longHave a great day.
1714595665559,rektcapital,Rekt Capital,,2024-04-30T13:10:45.000Z,135,2429,320,Bitcoin will retrace deep enough to convince you that the Bull Market is overAnd then it will resume its uptrend$BTC #BTC #Bitcoin
1714595666611,rektcapital,Rekt Capital,,2024-04-30T12:38:26.000Z,59,817,230,"#BTC3 Phases of The Bitcoin Halving1. Final Pre-Halving RetraceIn this cycle Bitcoin produced two Pre-Halving Retraces: -18% in March and another -18% pullback this AprilIn previous cycles, this Pre-Halving Retrace was -38% in 2016 and in 2020 it was -19% deepTheShow more"
1714595667670,rektcapital,Rekt Capital,,2024-04-30T12:33:21.000Z,73,609,145,"#BTC Bitcoin has dropped right into the Range Low area of its current Re-Accumulation RangeIn the three weeks after the 2016 Halving, Bitcoin did the exact same thing, even producing a downside wick below the Range LowCould history repeat?$BTC #BitcoinHalving #BitcoinShow more"
1714595668722,naiivememe,naiive,,2024-04-30T12:22:50.000Z,45,893,193,Day 10 after #BTC halving
1714595669771,KatieePCrypto,KatieePCrypto.pls,,2024-04-30T12:17:32.000Z,219,524,45,Who the fuck keeps selling?#PulseChain #PulseX #Bitcoin $HEX #INC #ETH
1714595670826,intocryptoverse,Benjamin Cowen,,2024-04-30T12:07:18.000Z,120,983,84,This is why #BTC dominance matters
1714595671880,naiivememe,naiive,,2024-04-30T11:37:22.000Z,65,2233,264,#BTC we're back
1714595672937,naiivememe,naiive,,2024-04-30T10:49:49.000Z,48,1388,119,"#BTC Thank you crypto, finally..."
1714595679060,CryptoWizardd,WIZZ ( beware scammers ),,2024-04-30T10:37:17.000Z,241,3187,316,They want you to sell the bottom here so you can fomo buy soon again above 80 kI dont make the rules. But it is what it is...#btc
1714595680121,naiivememe,naiive,,2024-04-30T10:16:58.000Z,25,567,70,#BTC Crypto Market as soon as i buy
1714595692189,naiivememe,naiive,,2024-04-30T11:37:22.000Z,65,2233,264,#BTC we're back
1714595693246,naiivememe,naiive,,2024-04-30T10:49:49.000Z,48,1388,119,"#BTC Thank you crypto, finally..."
1714595699311,CryptoWizardd,WIZZ ( beware scammers ),,2024-04-30T10:37:17.000Z,241,3187,316,They want you to sell the bottom here so you can fomo buy soon again above 80 kI dont make the rules. But it is what it is...#btc
1714595700370,naiivememe,naiive,,2024-04-30T10:16:58.000Z,25,567,70,#BTC Crypto Market as soon as i buy
1714595701419,ACEAnimalsOL,ACE Animals‰∏®Genesis Box,,2024-04-30T09:57:23.000Z,15,699,655,GM  Claim       https://web.aceanimals.io/registerMilestones for ACE Game in May and June are synchronized Thank you all for your support #ACEAnimals #GenesisBox #NFT #ACEGames #Ethereum #Web3Gaming #BTC #BRC20
1714595702471,rektcapital,Rekt Capital,,2024-04-30T09:32:08.000Z,158,1996,671,#BTC Don't forget where we are (orange circle)$BTC #BitcoinHalving #Bitcoin
1714595703522,rektcapital,Rekt Capital,,2024-04-30T09:30:12.000Z,125,1260,321,"#BTCThe Bitcoin ""Danger Zone""The Bitcoin Pre-Halving ""Danger Zone"" (orange) is where historical Pre-Halving Retraces have begunHistorically, Bitcoin has performed Pre-Halving Retraces 14-28 days before the HalvingThis cycle was no different and here's why:BecauseShow more"
1714595704580,rektcapital,Rekt Capital,,2024-04-30T09:27:08.000Z,34,486,132,#BTC Bitcoin is getting closer and closer to the pool of liquidity that has acted as support over the past several weeks$BTC #BitcoinHalving #Bitcoin
1714595705640,Bitcoinhabebe,BitcoinHabebe,,2024-04-30T09:26:34.000Z,115,838,156,#Btc max pain should be 58-59k area
1714595706696,tubescommunity,tubes,,2024-04-30T07:48:03.000Z,2,13409,348," PARTNERSHIP ANNOUNCEMENT Excited to announce our new #partnership with @masterpopgame MasterPop: The most relaxing and enjoyable Match 3 game! Match, clear to earn $MPOP. Powered by @soon_verse  Stay tuned for more!#Web3 #BTC #tubes #brc20 #ordinals #cryptoShow more"
1714595707750,Utd_Forever7,Manchester United Forever,,2024-04-30T07:35:12.000Z,72,972,153,More pictures of Manchester United 24/25 Away Kit!! Rate this kit from 1 - 10? #oldtrafford #football #ETH #manchester #PremierLeague #GGMU #manchesterunited #MUFC #manutd
1714595708801,naiivememe,naiive,,2024-04-30T07:04:50.000Z,35,836,77,Crypto investor eating $3 sandwich after spending $10.000 in #BTC dip
1714595720911,rektcapital,Rekt Capital,,2024-04-30T09:27:08.000Z,34,486,132,#BTC Bitcoin is getting closer and closer to the pool of liquidity that has acted as support over the past several weeks$BTC #BitcoinHalving #Bitcoin
1714595722003,Bitcoinhabebe,BitcoinHabebe,,2024-04-30T09:26:34.000Z,115,838,156,#Btc max pain should be 58-59k area
1714595723065,tubescommunity,tubes,,2024-04-30T07:48:03.000Z,2,13409,348," PARTNERSHIP ANNOUNCEMENT Excited to announce our new #partnership with @masterpopgame MasterPop: The most relaxing and enjoyable Match 3 game! Match, clear to earn $MPOP. Powered by @soon_verse  Stay tuned for more!#Web3 #BTC #tubes #brc20 #ordinals #cryptoShow more"
1714595724139,Utd_Forever7,Manchester United Forever,,2024-04-30T07:35:12.000Z,72,972,153,More pictures of Manchester United 24/25 Away Kit!! Rate this kit from 1 - 10? #oldtrafford #football #ETH #manchester #PremierLeague #GGMU #manchesterunited #MUFC #manutd
1714595725222,naiivememe,naiive,,2024-04-30T07:04:50.000Z,35,836,77,Crypto investor eating $3 sandwich after spending $10.000 in #BTC dip
1714595726310,RunesSolCoin,$RUNES,,2024-04-30T06:10:33.000Z,1170,1137,859,$Runes Airdrop open for 24 hours Drop your $SOL address belowFollow & RT & LikeEvery wallet gets 1 NFT Check your Wallet in 24 h !#Runes #Runestone #btc #memecoins
1714595727376,naiivememe,naiive,,2024-04-30T05:36:47.000Z,20,544,41,Me after my $200 in #BTC become $207 overnight
1714595728438,CryptoFaibik,Captain Faibik,,2024-04-30T04:17:53.000Z,64,725,120,$BTC is currently Retesting the Crucial S/R level (62k) on the Monthly chart..!!Next 5-6 months gonna be truly EPIC for Bitcoin. #Crypto #Bitcoin #BTC
1714595729513,naiivememe,naiive,,2024-04-30T04:04:49.000Z,49,1133,146,Hongkong China investors buying #BTC ETF
1714595730594,naiivememe,naiive,,2024-04-30T03:17:20.000Z,84,3241,435,Day 10th after #BTC Halving
1714595742681,CryptoFaibik,Captain Faibik,,2024-04-30T04:17:53.000Z,64,725,120,$BTC is currently Retesting the Crucial S/R level (62k) on the Monthly chart..!!Next 5-6 months gonna be truly EPIC for Bitcoin. #Crypto #Bitcoin #BTC
1714595743730,naiivememe,naiive,,2024-04-30T04:04:49.000Z,49,1133,146,Hongkong China investors buying #BTC ETF
1714595744781,naiivememe,naiive,,2024-04-30T03:17:20.000Z,84,3241,435,Day 10th after #BTC Halving
1714595745845,AltstreetBet,·¥Ä ü·¥õÍú±·¥õ Ä·¥á·¥á·¥õ  ô·¥á·¥õÍú±,,2024-04-30T01:32:24.000Z,97,972,187,"#BTC CME, Bears are F from here."
1714595751906,TheBTCTherapist,The ‚Çøitcoin Therapist,,2024-04-30T01:30:02.000Z,1731,2063,382,Hong Kong #BTC ETFs are officially live 
1714595752962,dsjcrypto,DSJ,,2024-04-30T00:31:10.000Z,1,1066,40,"1 more hour, HONG KONG market open, any surprise for $BTC and $ETH?#BTC #ETH #ETFHK X(twitter): http://x.com/dsjcryptoTelegram: https://t.me/dsjxcryptoBinance Square: DSJCRYPTOhttps://t.me/dsjxcrypto/131"
1714595759032,wallstreetbets,wallstreetbets,,2024-04-30T00:01:00.000Z,231,753,134,JUST IN:  Hong Kong #BTC &amp; #ETH ETFs start trading in a few hours

1714594564584,CryptoWizardd,WIZZ ( beware scammers ),,2024-04-29T23:05:59.000Z,216,3565,277,Imho. I have the feeling we are going to super pump so fast leaving most side lined.As i said before. See you at 80 k soon friends#btc Gn for now.
1714594565659,edward_farina,EDO FARINA üÖß XRP,,2024-04-29T23:04:03.000Z,66,889,223,"Here‚Äôs an old picture of Satoshi Nakamoto working on the prototype known as ‚Äú(B)eta (T)est (C)oin‚Äù #BTC Years later, the $XRP Ledger was created: The final product, the real currency that solved everything #Bitcoin wasn‚Äôt capable of."
1714594566732,naiivememe,naiive,,2024-04-29T23:00:02.000Z,40,1449,96,#BTC 12 likes
1714594567798,thomas_fahrer,Thomas | heyapollo.com,,2024-04-29T22:24:20.000Z,38,526,85,"GBTC sells 390 #BTC today ($24.7M)They still hold 297,000 #Bitcoin"
1714594568864,SimplyBitcoinTV,Simply Bitcoin,,2024-04-29T21:02:01.000Z,74,1231,234,"JUST IN: Michael Saylor‚Äôs MicroStrategy bought 122 #Bitcoin¬†worth $7.8 million and now holds 214,400 #BTC"
1714594569932,BitcoinNewsCom,Bitcoin News,,2024-04-29T20:10:11.000Z,57,1009,183,"JUST IN: MicroStrategy acquires 122 #Bitcoin in April, bringing their total to 214,400 #BTC "
1714594571006,RichardHeartWin,Richard Heart,,2024-04-29T20:08:46.000Z,51,1339,298,You ever write down the serial numbers of all the dollars in your wallet? But what if they got stolen? You could prove they were yours right? Wrong. Governments know that their printed money needs to be fungible (every unit like every other) or it would cripple its utility. #BTC
1714594572070,dsjcrypto,DSJ,,2024-04-29T18:17:04.000Z,13,772,52,"Having so much rumors predict $BTC will 100k, 250k or more than this. But what may predict $BTC ATH in this bull will be around 150k to 160k. About $ETH will be around 11k to 12k. #BTC #ETH X(twitter): http://x.com/dsjcryptoTelegram: https://t.me/dsjxcryptoBinanceShow more"
1714594584179,BitcoinNewsCom,Bitcoin News,,2024-04-29T20:10:11.000Z,57,1009,183,"JUST IN: MicroStrategy acquires 122 #Bitcoin in April, bringing their total to 214,400 #BTC "
1714594585270,RichardHeartWin,Richard Heart,,2024-04-29T20:08:46.000Z,51,1339,298,You ever write down the serial numbers of all the dollars in your wallet? But what if they got stolen? You could prove they were yours right? Wrong. Governments know that their printed money needs to be fungible (every unit like every other) or it would cripple its utility. #BTC
1714594586365,dsjcrypto,DSJ,,2024-04-29T18:17:04.000Z,13,772,52,"Having so much rumors predict $BTC will 100k, 250k or more than this. But what may predict $BTC ATH in this bull will be around 150k to 160k. About $ETH will be around 11k to 12k. #BTC #ETH X(twitter): http://x.com/dsjcryptoTelegram: https://t.me/dsjxcryptoBinanceShow more"
1714594587455,dsjcrypto,DSJ,,2024-04-29T18:06:41.000Z,6,903,73,$ETH CME GAP filled.My LONG order when entry price 3100 still opening. You guys can click this link:https://t.me/dsjxcrypto/93#ETHX(twitter): http://x.com/dsjcryptoTelegram: https://t.me/dsjxcryptoBinance Square: DSJCRYPTOhttps://t.me/dsjxcrypto/129 https://pic.twitter.com/c8ov6mL1HdShow more
1714594588545,AltstreetBet,·¥Ä ü·¥õÍú±·¥õ Ä·¥á·¥á·¥õ  ô·¥á·¥õÍú±,,2024-04-29T17:36:58.000Z,178,1219,174,If #ETH fails here I delete my account.
1714594589638,Washigorira,Titan of Crypto,,2024-04-29T17:03:45.000Z,40,608,120,#Bitcoin April Candle Close.Only one day left before the month ends and #BTC still looks like it's just retesting its past cycle highest candle close. 
1714594590733,naiivememe,naiive,,2024-04-29T15:44:40.000Z,21,479,65,#BTC Me getting ready for work because my memecoins didn‚Äôt make it
1714594592908,BigDott_Sidra,SidraBank Updates,,2024-04-29T15:27:58.000Z,333,1003,164,If You Are a True Sidra Warrior Comment Below With FireJoin Telegrams For Regular Updates About Projects !Telegram Channel  http://t.me/BigDott50Telegram Q&A Group  http://t.me/BigDottG50Like   |  Repost   |  Comment #SidraFamily #iceNetwork #Avive #BTCShow more
1714594593996,naiivememe,naiive,,2024-04-29T15:22:30.000Z,27,641,91,#BTC Halving 
1714594595083,Washigorira,Titan of Crypto,,2024-04-29T15:13:59.000Z,96,761,161,#Bitcoin Bullish vs Bearish scenario + market sentiment. #BTC is still supported  by the Kumo Cloud. On my timeline it looks like there is a consensus on the bearish scenario to occur. As it's the most expected scenario at the moment I think many are going to getShow more
1714594607153,naiivememe,naiive,,2024-04-29T15:44:40.000Z,21,479,65,#BTC Me getting ready for work because my memecoins didn‚Äôt make it
1714594609253,BigDott_Sidra,SidraBank Updates,,2024-04-29T15:27:58.000Z,333,1003,164,If You Are a True Sidra Warrior Comment Below With FireJoin Telegrams For Regular Updates About Projects !Telegram Channel  http://t.me/BigDott50Telegram Q&A Group  http://t.me/BigDottG50Like   |  Repost   |  Comment #SidraFamily #iceNetwork #Avive #BTCShow more
1714594610299,naiivememe,naiive,,2024-04-29T15:22:30.000Z,27,641,91,#BTC Halving 
1714594611366,Washigorira,Titan of Crypto,,2024-04-29T15:13:59.000Z,96,761,161,#Bitcoin Bullish vs Bearish scenario + market sentiment. #BTC is still supported  by the Kumo Cloud. On my timeline it looks like there is a consensus on the bearish scenario to occur. As it's the most expected scenario at the moment I think many are going to getShow more
1714594612422,AltstreetBet,·¥Ä ü·¥õÍú±·¥õ Ä·¥á·¥á·¥õ  ô·¥á·¥õÍú±,,2024-04-29T15:00:00.000Z,69,950,136,"#BTC CME, most likely dip is over."
1714594613473,naiivememe,naiive,,2024-04-29T14:05:37.000Z,46,1557,202,Me buying another #BTC dip
1714594614525,rektcapital,Rekt Capital,,2024-04-29T13:34:53.000Z,160,1609,589,#BTC Bull Market Progress:‚ñì‚ñì‚ñì‚ñë‚ñë‚ñë‚ñë‚ñë‚ñë‚ñë 36.7%(Progress bar based on standard Halving Cycles)$BTC #Crypto #Bitcoin
1714594615583,rektcapital,Rekt Capital,,2024-04-29T13:34:02.000Z,90,878,279,"#BTC Bitcoin is developing a $10,000-wide Macro RangeThe Range Low is the old All Time High Monthly resistance (green)And the Range High is the ~$71200 Monthly resistance (red)$BTC #Bitcoin #BitcoinHalving"
1714594616630,rektcapital,Rekt Capital,,2024-04-29T13:32:47.000Z,149,1577,320,"#BTC On the Monthly timeframe, Bitcoin has simply retested the old All Time High major resistance area as support (black)$BTC #BitcoinHalving  #Bitcoin"
1714594617680,wisdomise,Wisdomise,,2024-04-29T13:30:22.000Z,68,771,192,"GM Wisdomisers, hereby we will share our Insight for $BTC in the coming week #BTC Let's Dive In:"
1714594629753,rektcapital,Rekt Capital,,2024-04-29T13:34:02.000Z,90,878,279,"#BTC Bitcoin is developing a $10,000-wide Macro RangeThe Range Low is the old All Time High Monthly resistance (green)And the Range High is the ~$71200 Monthly resistance (red)$BTC #Bitcoin #BitcoinHalving"
1714594630817,rektcapital,Rekt Capital,,2024-04-29T13:32:47.000Z,149,1577,320,"#BTC On the Monthly timeframe, Bitcoin has simply retested the old All Time High major resistance area as support (black)$BTC #BitcoinHalving  #Bitcoin"
1714594631883,wisdomise,Wisdomise,,2024-04-29T13:30:22.000Z,68,771,192,"GM Wisdomisers, hereby we will share our Insight for $BTC in the coming week #BTC Let's Dive In:"
1714594632943,KatieePCrypto,KatieePCrypto.pls,,2024-04-29T13:28:06.000Z,42,467,89,"The $HEX community spent $32 Million on #ETH gas fees last cycle just interacting with the HEX contract (staking and unstaking)They spent over $150 Million in ETH gas fees when you include swaps, transfers etcCan you imagine the price of HEX if the $150M was used to buy?Show more"
1714594633990,Brian_on_base,$BRIAN,,2024-04-29T12:32:03.000Z,530,894,386,"$BRIAN on #Base will guide you  Drop your #ETH #Base address  Follow , Rt, and tag a friend!"
1714594635051,CryptoWizardd,WIZZ ( beware scammers ),,2024-04-29T11:52:38.000Z,203,2082,224,Looks like we following the blue line.The last dip before the real melt up starts. Max long at 58/59 k #btc This is where most people lose faith and sell their baggs. Just before real wealth about to be created. #patience
1714594636113,rektcapital,Rekt Capital,,2024-04-29T10:40:47.000Z,123,943,304,#BTCThe new Weekly Close has confirmed the $65600 level as new resistanceBitcoin has now firmly confirmed itself to be between two key levels: this $65600 resistance and the pool of liquidity below (green)$BTC #Bitcoin #BitcoinHalving
1714594637161,naiivememe,naiive,,2024-04-29T08:30:06.000Z,65,1984,336,#BTC Halving
1714594638220,dsjcrypto,DSJ,,2024-04-29T08:27:30.000Z,8,730,75,$ETH filling up the CME GAP.#ETHX(twitter): http://x.com/dsjcryptoTelegram: https://t.me/dsjxcryptoBinance Square: DSJCRYPTOhttps://t.me/dsjxcrypto/127
1714594639281,dsjcrypto,DSJ,,2024-04-29T08:24:28.000Z,8,915,78,Happening!$BTC #BTCX(twitter): http://x.com/dsjcryptoTelegram: https://t.me/dsjxcryptoBinance Square: DSJCRYPTOhttps://t.me/dsjxcrypto/126
1714594651392,dsjcrypto,DSJ,,2024-04-29T08:27:30.000Z,8,730,75,$ETH filling up the CME GAP.#ETHX(twitter): http://x.com/dsjcryptoTelegram: https://t.me/dsjxcryptoBinance Square: DSJCRYPTOhttps://t.me/dsjxcrypto/127
1714594652441,dsjcrypto,DSJ,,2024-04-29T08:24:28.000Z,8,915,78,Happening!$BTC #BTCX(twitter): http://x.com/dsjcryptoTelegram: https://t.me/dsjxcryptoBinance Square: DSJCRYPTOhttps://t.me/dsjxcrypto/126
1714594653489,naiivememe,naiive,,2024-04-29T08:00:02.000Z,61,2253,235,Day 9th after #BTC Halving
1714594659552,develocitygroup,Develocity,,2024-04-29T07:47:12.000Z,384,759,172,Are there any specific crypto or blockchain projects that you are excited about? Why? #BTC¬† #Deve #DevelocityFinance #Bitcoin
1714594660605,naiivememe,naiive,,2024-04-29T07:29:59.000Z,34,2128,195,#BTC Halving
1714594661651,RobinSeyr,Robin Seyr,,2024-04-29T03:30:38.000Z,54,716,157,This how I look at #BTC:
1714594662697,TheBTCTherapist,The ‚Çøitcoin Therapist,,2024-04-29T02:21:23.000Z,80,1486,197,Something tells me Saylor knows $MSTR is going to absolutely dominate the market for the next decade. #BTC 
1714594663741,naiivememe,naiive,,2024-04-29T02:08:25.000Z,19,536,79,#BTC Halving

1714594286731,MatthewHyland_,Matthew Hyland,,2024-04-28T23:25:12.000Z,41,509,57,#BTC Weekly RSI is getting interesting heading into the closeCan we get the lower low?
1714594287795,AlemzadehC,‚ÄúCoosh‚Äù Alemzadeh,,2024-04-28T21:23:42.000Z,64,647,87,#BTC Timeline awfully quiet implies the next major move has likely already begun
1714594288868,bitcoinlfgo,BITCOINLFG¬Æ,,2024-04-28T20:17:55.000Z,125,2877,521,BREAKING NEWS  #ETH ETF APPROVAL Franklin Templeton ETH ETF has been added DTCC ETF list.
1714594289934,intocryptoverse,Benjamin Cowen,,2024-04-28T19:32:00.000Z,170,752,100,"As I said 10 days ago:""I would expect it (#ETH / #BTC) to be rejected by the bull market support band, at least when looking at weekly closes (0.053-0.054).""This latest pump just looks like the last pump it got before rate cuts last cycle, just before summer capitulation."
1714594296011,edward_farina,EDO FARINA üÖß XRP,,2024-04-28T18:20:00.000Z,78,480,80,Bank accounts can be frozen. Stocks can be confiscated. #BTC can collapse at any moment The only real asset is $XRP
1714594297089,MatthewHyland_,Matthew Hyland,,2024-04-28T17:44:26.000Z,53,751,106,#BTCConsolidation is a lot more healthy than up-onlyWhen its all said and done most will realize it
1714594298167,MatthewHyland_,Matthew Hyland,,2024-04-28T17:31:40.000Z,30,679,82,#BTC Monthly with 2 days until close:
1714594310265,Washigorira,Titan of Crypto,,2024-04-28T17:19:23.000Z,79,764,147,"#Altcoins $5,100 an #ETH not so far away?   #Ethereum is waking up.   And like in 2020 the same conditions are met:  - Retest of Kijun . - Bull Flag pattern. - Weekly RSI printed a 1st pic in overbought territory.  Stars seems to be aligned for Ethereum to surge.Show more"
1714594311351,maxkeiser,Max Keiser,,2024-04-28T16:53:52.000Z,71,612,97,"‚ÄúMove to #ElSalvador, The New Land of the Free & #Bitcoin¬† - no fentanyl crisis- no mass shootings- no looting- safest country in hemisphere- #BTC¬† is legal tender - no globalist agenda- great coffee - great weather - great beaches- 3 pupusas for $1 - GDP  higher!Show more"
1714594312437,KevinSvenson_,Kevin Svenson,,2024-04-28T16:46:21.000Z,81,830,247,#BITCOIN | Monthly Chart + Weekly Chart#BTC still on track  Zoom Out 
1714594313538,naiivememe,naiive,,2024-04-28T16:10:43.000Z,21,582,121,Day 8th after #BTC Halving
1714594314641,naiivememe,naiive,,2024-04-28T16:00:00.000Z,19,556,86,#BTC Holder after hodling through 3 bear markets
1714594315745,rektcapital,Rekt Capital,,2024-04-28T15:56:29.000Z,95,959,265,"$ALTSAltcoin Market Cap is still holding the $250bn well as support, positioning itself for a future move to the upside via the black pathway#BTC #Crypto #Bitcoin"
1714594316845,BigDott_Sidra,SidraBank Updates,,2024-04-28T15:52:46.000Z,309,758,136,Drop Your Country Flag Below to Show Love For SidraBank ! Exciting News AheadBlockchain Project Mine Free OEX CoinsJoin Link http://btcs.love/invite/5vx5mLike   |  Retweet   |  Comment #SidraFamily #iceNetwork #Airdrop #BTCShow more
1714594317938,rektcapital,Rekt Capital,,2024-04-28T15:51:28.000Z,198,2503,613,"#BTC In the 2015-2017 cycle, Bitcoin peaked 518 days after the HalvingIn the 2019-2021 cycle, Bitcoin peaked 546 days after the HalvingIf history repeats and the next Bull Market peak occurs 518-546 days after the Halving...That would mean Bitcoin could peak in this cycleShow more"
1714594319023,rektcapital,Rekt Capital,,2024-04-28T15:45:43.000Z,187,1881,435,"#BTC We are here (green circle)Months from now, nobody will remember this Re-Accumulation periodBut everybody will remember the Parabolic Phase that comes afterwardsAnd they will remember and talk about it for years to come$BTC #Crypto #BitcoinShow more"
1714594331084,rektcapital,Rekt Capital,,2024-04-28T15:56:29.000Z,95,959,265,"$ALTSAltcoin Market Cap is still holding the $250bn well as support, positioning itself for a future move to the upside via the black pathway#BTC #Crypto #Bitcoin"
1714594332164,BigDott_Sidra,SidraBank Updates,,2024-04-28T15:52:46.000Z,309,758,136,Drop Your Country Flag Below to Show Love For SidraBank ! Exciting News AheadBlockchain Project Mine Free OEX CoinsJoin Link http://btcs.love/invite/5vx5mLike   |  Retweet   |  Comment #SidraFamily #iceNetwork #Airdrop #BTCShow more
1714594333237,rektcapital,Rekt Capital,,2024-04-28T15:51:28.000Z,198,2503,613,"#BTC In the 2015-2017 cycle, Bitcoin peaked 518 days after the HalvingIn the 2019-2021 cycle, Bitcoin peaked 546 days after the HalvingIf history repeats and the next Bull Market peak occurs 518-546 days after the Halving...That would mean Bitcoin could peak in this cycleShow more"
1714594334341,rektcapital,Rekt Capital,,2024-04-28T15:45:43.000Z,187,1881,435,"#BTC We are here (green circle)Months from now, nobody will remember this Re-Accumulation periodBut everybody will remember the Parabolic Phase that comes afterwardsAnd they will remember and talk about it for years to come$BTC #Crypto #BitcoinShow more"
1714594335408,rektcapital,Rekt Capital,,2024-04-28T15:42:56.000Z,105,731,262,"#BTC Based on 2016 history, Bitcoin has seen additional downside in the 3-week period after the Halving This is the Post-Halving ""Danger Zone"" (purple) where possible downside volatility at the Range Low of the Re-Accumulation Range is possible$BTC #BitcoinHalving #Bitcoin"
1714594336455,rektcapital,Rekt Capital,,2024-04-28T15:32:43.000Z,69,684,134,"#BTC This current corrective period for Bitcoin is as normal as it gets:‚Ä¢ Retrace is -18% deep currently (typical pullback is between -18% and -23%)‚Ä¢ Retrace is currently 20-days long (typical retrace length is 2-3 weeks, at most 2-months)$BTC #BitcoinHalving #BitcoinShow more"
1714594337525,rektcapital,Rekt Capital,,2024-04-28T15:29:24.000Z,74,632,143,"#BTC Bitcoin has rejected from this $65500 (black) resistance, essentially confirming it as new resistanceAs a result, price finds itself in no-man's-land, between this resistance and the pool of liquidity below (green) that has prompted rebounds for weeks now$BTCShow more"
1714594338586,MatthewHyland_,Matthew Hyland,,2024-04-28T15:09:01.000Z,39,534,80,"#BTC Dominance, time to find out how it reacts here:"
1714594344653,CryptoWizardd,WIZZ ( beware scammers ),,2024-04-28T14:58:31.000Z,294,3780,359,Pump season ahead.Dont let them fool you.100 k #btc in the coming months
1714594345864,naiivememe,naiive,,2024-04-28T14:09:23.000Z,33,975,122,Me at Mcdonalds after #BTC Halving
1714594357965,MatthewHyland_,Matthew Hyland,,2024-04-28T15:09:01.000Z,39,534,80,"#BTC Dominance, time to find out how it reacts here:"
1714594364044,CryptoWizardd,WIZZ ( beware scammers ),,2024-04-28T14:58:31.000Z,294,3780,359,Pump season ahead.Dont let them fool you.100 k #btc in the coming months
1714594365110,naiivememe,naiive,,2024-04-28T14:09:23.000Z,33,975,122,Me at Mcdonalds after #BTC Halving
1714594366188,naiivememe,naiive,,2024-04-28T14:08:26.000Z,70,3799,356,"2035: ""mom, why is our family rich?""Because dad never sold #BTC"
1714594367249,Washigorira,Titan of Crypto,,2024-04-28T13:45:12.000Z,122,1043,187,#Altcoins There is a sequence that is playing out in front of our eyes on the 2Monthly chart.People don't yet realize how bullish the next couple of months are going to be for #ETH and #Alts 
1714594368301,TheBTCTherapist,The ‚Çøitcoin Therapist,,2024-04-28T13:25:36.000Z,168,3593,1044,Repost if this guy taught you more about money than anyone else in your life. $MSTR #BTC
1714594369362,naiivememe,naiive,,2024-04-28T12:35:36.000Z,30,738,101,Newbie after buying #BTC at 74K
1714594370410,naiivememe,naiive,,2024-04-28T11:00:00.000Z,17,876,80,BlackRock buying the #BTC dip
1714594371454,edward_farina,EDO FARINA üÖß XRP,,2024-04-28T10:50:30.000Z,169,509,43,Replying to @Cobratate
1714594372503,dsjcrypto,DSJ,,2024-04-28T10:46:10.000Z,13,548,49,Beware!!!$BTC #BTCX(twitter): http://x.com/dsjcryptoTelegram: https://t.me/dsjxcryptoBinance Square: DSJCRYPTOhttps://t.me/dsjxcrypto/124
1714594373551,IceCoinNews,ICE NEWS,,2024-04-28T09:35:43.000Z,394,1064,250,Do You Believe That Ice Can Reach 1 USD ?Yes or NoLike   |  Retweet   |  Comment #IceNetwork #SidraFamily #Airdrop #BTC‚ÄØ‚ÄØ‚ÄØ #CORE #Avive #Solana #ETH #Binance
1714594385636,dsjcrypto,DSJ,,2024-04-28T10:46:10.000Z,13,548,49,Beware!!!$BTC #BTCX(twitter): http://x.com/dsjcryptoTelegram: https://t.me/dsjxcryptoBinance Square: DSJCRYPTOhttps://t.me/dsjxcrypto/124
1714594386690,IceCoinNews,ICE NEWS,,2024-04-28T09:35:43.000Z,394,1064,250,Do You Believe That Ice Can Reach 1 USD ?Yes or NoLike   |  Retweet   |  Comment #IceNetwork #SidraFamily #Airdrop #BTC‚ÄØ‚ÄØ‚ÄØ #CORE #Avive #Solana #ETH #Binance
1714594387748,naiivememe,naiive,,2024-04-28T09:00:00.000Z,45,2279,325,Day 8th after #BTC halving
1714594388792,naiivememe,naiive,,2024-04-28T07:27:11.000Z,23,494,51,Me buying another #BTC dip after selling my best friend.
1714594394864,KevinSvenson_,Kevin Svenson,,2024-04-28T06:39:03.000Z,66,699,48,"People have been asking me:Why haven't you made a video in 9 days? Answer:The price of #BTC has not changed, at all, within those 9 days. I don't make videos for views/nonsense. I make videos when they are needed. That's my thing. When I post a video ... it's meaningful "
1714594395922,IceCoinNews,ICE NEWS,,2024-04-28T06:29:42.000Z,71,558,141,"Breaking : Ice‚Äôs #Frostbyte app is launching soon, are you ready?Like  | Retweet  | Follow #IceNetwork  #Binance #BTC #Icemainnet #Icetestnet"
1714594396972,StockmoneyL,Stockmoney Lizards,,2024-04-28T06:08:15.000Z,94,847,137,All good things start on a STF Too many catalysts are in place #ETH will fly soon.
1714594403033,whale_alert,Whale Alert,,2024-04-28T04:41:15.000Z,65,736,75,"           8,000 #BTC (511,321,093 USD) transferred from unknown wallet to #Huobihttps://whale-alert.io/transaction/bitcoin/6ef966845d08592d64d2c83801a12842a7f235ae0f1fe03420c93bd8a4bc9673‚Ä¶"
1714594404084,naiivememe,naiive,,2024-04-28T04:30:48.000Z,55,1186,167,Portfolio -70%Mental health: unstable Me at 2am when #BTC up+ 10%:
1714594405133,dsjcrypto,DSJ,,2024-04-28T03:16:50.000Z,5,1253,84,$BTC CME GAP filled! $BTC #BTCX(twitter): http://x.com/dsjcryptoTelegram: https://t.me/dsjxcryptoBinance Square: DSJCRYPTOhttps://t.me/dsjxcrypto/123
1714594406200,naiivememe,naiive,,2024-04-28T03:02:14.000Z,31,1694,139,BlackRock looking at #BTC below 100K
1714594407252,dsjcrypto,DSJ,,2024-04-28T02:59:32.000Z,7,990,90,$ETH just break 3300https://t.me/dsjxcrypto/93#ETHX(twitter): http://x.com/dsjcryptoTelegram: https://t.me/dsjxcryptoBinance Square: DSJCRYPTO
1714594408301,naiivememe,naiive,,2024-04-28T02:00:00.000Z,41,712,70,"its 2030, everyone know you bought #BTC at 17K"
1714594420382,naiivememe,naiive,,2024-04-28T04:30:48.000Z,55,1186,167,Portfolio -70%Mental health: unstable Me at 2am when #BTC up+ 10%:
1714594421433,dsjcrypto,DSJ,,2024-04-28T03:16:50.000Z,5,1253,84,$BTC CME GAP filled! $BTC #BTCX(twitter): http://x.com/dsjcryptoTelegram: https://t.me/dsjxcryptoBinance Square: DSJCRYPTOhttps://t.me/dsjxcrypto/123
1714594422492,naiivememe,naiive,,2024-04-28T03:02:14.000Z,31,1694,139,BlackRock looking at #BTC below 100K
1714594423543,dsjcrypto,DSJ,,2024-04-28T02:59:32.000Z,7,990,90,$ETH just break 3300https://t.me/dsjxcrypto/93#ETHX(twitter): http://x.com/dsjcryptoTelegram: https://t.me/dsjxcryptoBinance Square: DSJCRYPTO
1714594424608,naiivememe,naiive,,2024-04-28T02:00:00.000Z,41,712,70,"its 2030, everyone know you bought #BTC at 17K"
1714594425661,MatthewHyland_,Matthew Hyland,,2024-04-28T00:13:58.000Z,50,757,144,#BTC 3-Day Bollinger Bands :

1714594830081,MatthewHyland_,Matthew Hyland,,2024-04-27T23:17:24.000Z,59,645,101,#BTC Dominance Monthly:
1714594831144,Brc_20dex,BRC-20 DEX,,2024-04-27T23:01:27.000Z,12,540,206," The snapshot of early birds who staked in the first 72 hours on BRC-20 Dex has been made!  Stay tuned, pool winners will be announced soon.Exciting times ahead! #BRC20Dex #BRC20 #BTC"
1714594832209,dsjcrypto,DSJ,,2024-04-27T21:30:48.000Z,14,781,57,"But $ETH created CME GAP, But I think no worries, even it fil up at around 3143, This is a good timing to let you guys LONG $ETHÔºàBut still need to confirm when it happens, be patient )#ETHX(twitter): http://x.com/dsjcryptoTelegram: https://t.me/dsjxcryptoBinanceShow more"
1714594833271,AltstreetBet,·¥Ä ü·¥õÍú±·¥õ Ä·¥á·¥á·¥õ  ô·¥á·¥õÍú±,,2024-04-27T21:28:19.000Z,38,816,167,#ETH and Alt marketcap.
1714594834345,dsjcrypto,DSJ,,2024-04-27T21:17:14.000Z,15,888,78,3238 $ETH right now#ETHX(twitter): http://x.com/dsjcryptoTelegram: https://t.me/dsjxcryptoBinance Square: DSJCRYPTOhttps://t.me/dsjxcrypto/119
1714594835409,dsjcrypto,DSJ,,2024-04-27T21:16:44.000Z,7,1145,80,"18 April, I mentioned it. I think I will focus more on $ETH right now.#ETHX(twitter): http://x.com/dsjcryptoTelegram: https://t.me/dsjxcryptoBinance Square: DSJCRYPTOhttps://t.me/dsjxcrypto/118"
1714594847498,dsjcrypto,DSJ,,2024-04-27T21:16:44.000Z,7,1145,80,"18 April, I mentioned it. I think I will focus more on $ETH right now.#ETHX(twitter): http://x.com/dsjcryptoTelegram: https://t.me/dsjxcryptoBinance Square: DSJCRYPTOhttps://t.me/dsjxcrypto/118"
1714594848556,naiivememe,naiive,,2024-04-27T20:59:19.000Z,106,3120,508,#BTC Halving
1714594849608,doctoresse0,Doctoresse,,2024-04-27T19:32:05.000Z,24,768,38,Replying to @DividendBreeder
1714594850670,RealJGBanks,TW - The Wealthy Trader,,2024-04-27T18:46:45.000Z,19,512,102,"ùêåùóÆùóøùó∏ùó≤ùòÅ ùòÄùòÅùóøùòÇùó∞ùòÅùòÇùóøùó≤ ùêèùóøùó∂ùó∞ùó≤ ùóÆùó∞ùòÅùó∂ùóºùóª ùêöùêßùêù ùêãùê¢ùê™ùêÆùê¢ùêùùê¢ùê≠ùê≤These concepts are what I use to enter tradesI went from losing money day trading to making $1,000‚Äôs a day.Here is how to find and read them $SPY $SPX $QQQ $NVDA #BTC"
1714594851734,Learnernoearner,UNKNOWN TRADER,,2024-04-27T17:53:51.000Z,350,579,332,#giveaway gonna giveaway 50$ to 4 of my followers from our #BTC tradeDont forget to move sl be and enjoy
1714594852792,BenWerkman,Ben Werkman,,2024-04-27T17:53:24.000Z,30,623,110,"The real genius is Saylor made $MSTR the product with appeal for EVERYONE.Do you like #Bitcoin?  Buy MSTR stock.Do you wish you could borrow money at less than 1% and buy Biticoin, but you don't have access?  Buy MSTR stock, let them keep doing it for you.Do you hate #BTC?Show more"
1714594858876,BrendonSedo,Brendon.Core ,,2024-04-27T16:45:35.000Z,54,753,195,"Over 100 #BTC staked to Core. Great start, and only the beginning  http://Stake.coredao.orghttp://Ignition.coredao.org"
1714594859930,Washigorira,Titan of Crypto,,2024-04-27T15:09:03.000Z,64,788,162,#Bitcoin Bull Market Corrections Considerations. Not saying this bull run corrections are a walk in the park but in comparison to previous ones it is way less bloody.Look at the -30% -40% corrections #BTC had in 2016-2017. So relax this Bull Run is not over. 
1714594866011,CryptoWizardd,WIZZ ( beware scammers ),,2024-04-27T14:33:44.000Z,258,3988,401,The last impulse of this bullmarket is where many will get their reward for being patience..We are close famDont lose faith now. Pump season ahead#btc #alts
1714594867069,BigDott_Sidra,SidraBank Updates,,2024-04-27T14:23:11.000Z,291,1204,185,"Sidra Mainnet Already Live, Just Submit Your Documents in KYC Port & Wait For Verification !Do You Believe in SidraBank Project? YES or NOAthene Network Mine Free Gem CoinsApp Linkhttps://play.google.com/store/apps/details?id=network.athene.app‚Ä¶Refer Code - fd1f4ba380#SidraFamily #iceNetwork #Airdrop #BTCShow more"
1714594868126,naiivememe,naiive,,2024-04-27T14:09:35.000Z,25,556,80,Crypto investor looking at #BTC Halving Price action
1714594869190,rektcapital,Rekt Capital,,2024-04-27T13:59:03.000Z,130,1067,246,"#BTC If the Bitcoin bottom isn't yet in then this current pullback is slowly turning into an almost 3-week retrace currently at 19 daysEven then, this retrace is becoming a typical pullback compared to previous pullbacks throughout this cycle, both in terms of duration andShow more"
1714594881277,naiivememe,naiive,,2024-04-27T14:09:35.000Z,25,556,80,Crypto investor looking at #BTC Halving Price action
1714594882333,rektcapital,Rekt Capital,,2024-04-27T13:59:03.000Z,130,1067,246,"#BTC If the Bitcoin bottom isn't yet in then this current pullback is slowly turning into an almost 3-week retrace currently at 19 daysEven then, this retrace is becoming a typical pullback compared to previous pullbacks throughout this cycle, both in terms of duration andShow more"
1714594883399,naiivememe,naiive,,2024-04-27T12:47:15.000Z,109,2323,269,#BTC Halving 
1714594884453,naiivememe,naiive,,2024-04-27T12:32:56.000Z,24,880,89,Me managing my $87 in #BTC
1714594885502,rektcapital,Rekt Capital,,2024-04-27T12:08:45.000Z,152,1101,242,$ALTS Altcoins are following the plan...Altcoins bottomed in early February Altcoins sold off around the #BTC Halving Altcoins to bottom early Summer $BTC #BitcoinHalving #BitcoinShow more
1714594886554,rektcapital,Rekt Capital,,2024-04-27T12:07:20.000Z,293,2112,733,#BTCWe are here (orange circle)$BTC #Bitcoin #BitcoinHalving
1714594887599,__Babydoge_Coin,BabyDoge Army,,2024-04-27T12:05:05.000Z,441,819,163,Which #memecoin will lead 2024 bullrun?  My Wish I Love The Token #babydoge.  Your Agreed?  #BabyDoge #btc #MemeCoinSeason #bullrun #bgyt
1714594888662,rektcapital,Rekt Capital,,2024-04-27T12:03:30.000Z,181,1279,414,#BTC Bull Market Progress:‚ñì‚ñì‚ñì‚ñë‚ñë‚ñë‚ñë‚ñë‚ñë‚ñë 36.6%(Progress bar based on standard Halving Cycles)$BTC #Crypto #Bitcoin
1714594889714,rektcapital,Rekt Capital,,2024-04-27T12:02:39.000Z,49,530,139,"#BTC is still protecting its Post-Halving Re-Accumulation RangeHowever, the Post-Halving ""Danger Zone"" (purple) suggests that price could still see some downside volatility over the next two weeks if 2016 history repeats$BTC #BitcoinHalving #Bitcoin"
1714594890765,rektcapital,Rekt Capital,,2024-04-27T11:37:59.000Z,119,672,217,"#BTC Bitcoin is in the Post-Halving ""Danger Zone"" (purple)$BTC #BitcoinHalving #Bitcoin"
1714594902852,rektcapital,Rekt Capital,,2024-04-27T12:02:39.000Z,49,530,139,"#BTC is still protecting its Post-Halving Re-Accumulation RangeHowever, the Post-Halving ""Danger Zone"" (purple) suggests that price could still see some downside volatility over the next two weeks if 2016 history repeats$BTC #BitcoinHalving #Bitcoin"
1714594903903,rektcapital,Rekt Capital,,2024-04-27T11:37:59.000Z,119,672,217,"#BTC Bitcoin is in the Post-Halving ""Danger Zone"" (purple)$BTC #BitcoinHalving #Bitcoin"
1714594904962,naiivememe,naiive,,2024-04-27T11:34:47.000Z,56,1005,97,Me managing my $200 in #BTC
1714594906020,naiivememe,naiive,,2024-04-27T10:00:03.000Z,98,2898,436,Day 7th after #BTC halving
1714594907085,CryptoXRanger,Crypto Ranger,,2024-04-27T09:27:20.000Z,97,556,45,"Putting limit orders of #ONDO at 0.65$ of 70% and other 30% at 0.40$ Targeting easy 10x in coming months!Looking at the current price action #Btc is going sideways btwn 60-65k range, this is really bullish to create a good support here and bounce for 80k level. #AltcoinsShow more"
1714594908131,naiivememe,naiive,,2024-04-27T08:47:46.000Z,20,641,50,People who have #BTC but never post anything
1714594909185,bitcoinlfgo,BITCOINLFG¬Æ,,2024-04-27T08:40:21.000Z,296,5254,1073,BIG BREAKING  #ETH ETF APPROVAL Franklin Templeton ETH ETF has been added DTCC ETF list.
1714594915263,BenWerkman,Ben Werkman,,2024-04-27T08:04:56.000Z,74,1403,196,"The Saylor $MSTR playbook as described by Saylor himself:- Sell the 100 vol asset (shares).- Buy the 75 vol asset (#BTC).- Lever up the 75 vol asset to recreate a 100 vol asset.This creates a volatile balance sheet, which creates a volatile stock.  The volatile stockShow more"
1714594916310,naiivememe,naiive,,2024-04-27T08:00:02.000Z,27,769,128,#BTC Hodler :
1714594917361,naiivememe,naiive,,2024-04-27T07:47:24.000Z,29,650,105,#BTC pls do something
1714594929471,CryptoXRanger,Crypto Ranger,,2024-04-27T09:27:20.000Z,97,556,45,"Putting limit orders of #ONDO at 0.65$ of 70% and other 30% at 0.40$ Targeting easy 10x in coming months!Looking at the current price action #Btc is going sideways btwn 60-65k range, this is really bullish to create a good support here and bounce for 80k level. #AltcoinsShow more"
1714594930559,naiivememe,naiive,,2024-04-27T08:47:46.000Z,20,641,50,People who have #BTC but never post anything
1714594931641,bitcoinlfgo,BITCOINLFG¬Æ,,2024-04-27T08:40:21.000Z,296,5254,1073,BIG BREAKING  #ETH ETF APPROVAL Franklin Templeton ETH ETF has been added DTCC ETF list.
1714594937733,BenWerkman,Ben Werkman,,2024-04-27T08:04:56.000Z,74,1403,196,"The Saylor $MSTR playbook as described by Saylor himself:- Sell the 100 vol asset (shares).- Buy the 75 vol asset (#BTC).- Lever up the 75 vol asset to recreate a 100 vol asset.This creates a volatile balance sheet, which creates a volatile stock.  The volatile stockShow more"
1714594938819,naiivememe,naiive,,2024-04-27T08:00:02.000Z,27,769,128,#BTC Hodler :
1714594939910,naiivememe,naiive,,2024-04-27T07:47:24.000Z,29,650,105,#BTC pls do something
1714594941001,MatthewHyland_,Matthew Hyland,,2024-04-27T03:41:31.000Z,34,563,72,#BTC & #ALTS Update
1714594942088,BossBlunts1,The Butcher of Wall Street Marcel Kalinovic,,2024-04-27T02:25:01.000Z,69,1459,494,"BREAKING NEWS  FIRST REPUBLIC BANK HAS COLLAPSED 1 DAY AFTER FSB WARNING  *AND*CRYPTO AND ETF'S HOLDING CRYPTO, INCLUDING #BTC ETF'S, ARE NO LONGER VALID COLLATERAL PER LATEST DTC FILING TODAY "
1714594943177,naiivememe,naiive,,2024-04-27T02:00:00.000Z,17,510,54,#BTC Me going to work because my memecoins didn't make it
1714594944273,TheBTCTherapist,The ‚Çøitcoin Therapist,,2024-04-27T01:41:49.000Z,344,856,110,What is the best hardware device? #BTC
1714594945365,dsjcrypto,DSJ,,2024-04-27T00:48:59.000Z,9,919,41,"If $BTC break down this support line, will be worst. $BTC #BTCX(twitter): http://x.com/dsjcryptoTelegram: https://t.me/dsjxcryptoBinance Square: DSJCRYPTOhttps://t.me/dsjxcrypto/116"
1714594957578,naiivememe,naiive,,2024-04-27T07:47:24.000Z,29,650,105,#BTC pls do something
1714594958640,MatthewHyland_,Matthew Hyland,,2024-04-27T03:41:31.000Z,34,563,73,#BTC & #ALTS Update
1714594959714,BossBlunts1,The Butcher of Wall Street Marcel Kalinovic,,2024-04-27T02:25:01.000Z,69,1459,494,"BREAKING NEWS  FIRST REPUBLIC BANK HAS COLLAPSED 1 DAY AFTER FSB WARNING  *AND*CRYPTO AND ETF'S HOLDING CRYPTO, INCLUDING #BTC ETF'S, ARE NO LONGER VALID COLLATERAL PER LATEST DTC FILING TODAY "
1714594960768,naiivememe,naiive,,2024-04-27T02:00:00.000Z,17,510,54,#BTC Me going to work because my memecoins didn't make it
1714594961824,TheBTCTherapist,The ‚Çøitcoin Therapist,,2024-04-27T01:41:49.000Z,344,856,110,What is the best hardware device? #BTC
1714594962872,dsjcrypto,DSJ,,2024-04-27T00:48:59.000Z,9,919,41,"If $BTC break down this support line, will be worst. $BTC #BTCX(twitter): http://x.com/dsjcryptoTelegram: https://t.me/dsjxcryptoBinance Square: DSJCRYPTOhttps://t.me/dsjxcrypto/116"

1714637348368,PubKey_NYC,PUBKEY,,2024-04-24T23:24:48.000Z,53,528,96,"Congratulations to Justin, A.K.A. Squirrekkywrath, winner of the #BitcoinSignGuy auction for 16 #BTC. @tpacchia Get this man a Whale! "
1714637349432,BitcoinMagazine,Bitcoin Magazine,,2024-04-24T23:16:00.000Z,171,4766,818,"JUST IN: The ""Buy #Bitcoin"" sign photobombing Janet Yellen was just auctioned off for 16 #BTC worth $1,027,482 "
1714637350501,AlemzadehC,‚ÄúCoosh‚Äù Alemzadeh,,2024-04-24T22:13:42.000Z,42,581,97,#BTC: Looks to be forming 2 here after a rejection of the reclaim level next stop new ATH IMO w/validation of an impulse seeing a re-claim of 67K
1714637351568,thomas_fahrer,Thomas | heyapollo.com,,2024-04-24T21:42:19.000Z,28,466,67,"GBTC sold 2000 #BTC today ($130M)Takes their total outflows since launch to 318,000 #BTC"
1714637352639,olvelez007,Oliver L. Velez  13%'er Bitcoiner,,2024-04-24T20:05:49.000Z,42,472,87,"U.S. debt is exploding $1 trillion every 100 days, the fastest in history. The interest on that debt is expanding $1 trillion every year, something the world has never seen. You are thought of as stupid. The majority still thinks #btc‚ÄØ‚ÄØ‚ÄØ, the only safety from this is a‚Ä¶Show more"
1714637353699,MCSHZIY,MOH13 | $v6  ·õ§,,2024-04-24T19:36:59.000Z,159,1297,317,"I have $889 806 $DOG and I won't even sell one... maybe I'll do it when 1 $DOG will be = $1 and again... The Runestone I won't sell it, am I crazy? I received it as an OG, it's worth more than a lot of money...#Runestone @LeonidasNFT #Ordinals #btc #Binance @elonmusk"
1714637354760,barkmeta,Bark,,2024-04-24T18:52:33.000Z,119,456,189,Dropping the first #BTC Rune ticker to whoever engagesLocking at 420 likes
1714637366846,thomas_fahrer,Thomas | heyapollo.com,,2024-04-24T21:42:19.000Z,28,466,67,"GBTC sold 2000 #BTC today ($130M)Takes their total outflows since launch to 318,000 #BTC"
1714637367923,olvelez007,Oliver L. Velez  13%'er Bitcoiner,,2024-04-24T20:05:49.000Z,42,472,87,"U.S. debt is exploding $1 trillion every 100 days, the fastest in history. The interest on that debt is expanding $1 trillion every year, something the world has never seen. You are thought of as stupid. The majority still thinks #btc‚ÄØ‚ÄØ‚ÄØ, the only safety from this is a‚Ä¶Show more"
1714637368980,MCSHZIY,MOH13 | $v6  ·õ§,,2024-04-24T19:36:59.000Z,159,1297,317,"I have $889 806 $DOG and I won't even sell one... maybe I'll do it when 1 $DOG will be = $1 and again... The Runestone I won't sell it, am I crazy? I received it as an OG, it's worth more than a lot of money...#Runestone @LeonidasNFT #Ordinals #btc #Binance @elonmusk"
1714637370039,barkmeta,Bark,,2024-04-24T18:52:33.000Z,119,456,189,Dropping the first #BTC Rune ticker to whoever engagesLocking at 420 likes
1714637371130,BitcoinMagazine,Bitcoin Magazine,,2024-04-24T18:32:30.000Z,202,2923,722," BlackRock and Fidelity now own a combined 428,304 #BTC worth $27.7 billion for their spot #Bitcoin ETFs.These ETFs hold 214,058 more bitcoin than MicroStrategy."
1714637372213,Vivek4real_,Vivek,,2024-04-24T18:09:44.000Z,1138,2793,423,$1M today or 10 #BTC in 5 years?
1714637373268,LLuciano_BTC,Lucky,,2024-04-24T18:08:50.000Z,82,715,122,"Ethereum #ETFs are eyeing the 2024 bull market, and everyone's asking: Could Ethereum be next? Already, 11 #BTC spot ETFs have been approved, sparking interest in Ethereum, especially after its shift to a PoS consensus model and recent ETF nods in Hong Kong. What if‚Ä¶Show more"
1714637379337,CryptoWizardd,WIZZ ( beware scammers ),,2024-04-24T17:25:01.000Z,263,2687,221,Just some small moves before the real melt up starts#btc
1714637380403,BigDott_Sidra,SidraBank Updates,,2024-04-24T16:24:20.000Z,495,1019,172,Miners Are Geting P2P KYC Verified Automatically By SidraBank Are You P2P KYC Verified ? Yes or NoMine Real Airdrop in Satoshi AppApp Linkhttp://btcs.love/invite/5vx5mLike   |  Repost    |  Comment #SidraFamily #iceNetwork #Airdrop #BTCShow more
1714637381453,TheBTCTherapist,The ‚Çøitcoin Therapist,,2024-04-24T16:12:40.000Z,93,1527,297,I‚Äôll never stop buying the dip. #BTC
1714637382512,naiivememe,naiive,,2024-04-24T16:00:01.000Z,20,539,78,"People: "" #BTC is a scam""Their strategy:"
1714637394593,TheBTCTherapist,The ‚Çøitcoin Therapist,,2024-04-24T16:12:40.000Z,93,1527,297,I‚Äôll never stop buying the dip. #BTC
1714637395644,naiivememe,naiive,,2024-04-24T16:00:01.000Z,20,539,78,"People: "" #BTC is a scam""Their strategy:"
1714637396709,rektcapital,Rekt Capital,,2024-04-24T15:58:05.000Z,93,681,190,$ALTS Altcoins have sold off after the HalvingThe hype from the Q1 Hype Cycle hasn't completely died down just yetStill some time before Altcoins are able to find their bottomsAltcoins will probably start bottoming ~early Summer#BTC #Bitcoin #BitcoinHalvingShow more
1714637397767,MatthewHyland_,Matthew Hyland,,2024-04-24T15:57:52.000Z,27,490,73,#BTC testing lower range:
1714637398821,rektcapital,Rekt Capital,,2024-04-24T15:46:07.000Z,186,2332,709,#BTCIf history repeats...Next Bull Market peak may occur 518-546 days after the HalvingThat's mid-September or mid-October 2025$BTC #Bitcoin #BitcoinHalving
1714637399883,natbrunell,Natalie Brunell ,,2024-04-24T15:05:27.000Z,90,603,99,".@cvpayne make sure to ask @PeterSchiff about his regret of not buying #Bitcoin the next time he joins your show. New episode with Peter on #gold, #BTC and #macro drops tomorrow! Subscribe  http://Youtube.com/nataliebrunell"
1714637400949,rektcapital,Rekt Capital,,2024-04-24T15:01:20.000Z,122,1468,500,#BTC When you zoom outYou won't be in doubt$BTC #BitcoinHalving #Bitcoin
1714637407015,KatieePCrypto,KatieePCrypto.pls,,2024-04-24T15:00:53.000Z,47,659,112,Hong Kong #ETH ETF is officially approved. Begins trading April 30th!LETS GO!ETH pump pending.#PulseChain is a leverage play on ETH.
1714637408066,rektcapital,Rekt Capital,,2024-04-24T15:00:32.000Z,36,482,153,"#BTC Because of the most recent Weekly Close, this $65600 level is by default a resistanceWhich is why Bitcoin needs to reclaim this level as support this week to change thatBut at the moment, Bitcoin is struggling to do thatLots can still change however, we are onlyShow more"
1714637409120,BitcoinNewsCom,Bitcoin News,,2024-04-24T14:30:00.000Z,24,472,116,"NEW:  Australia has over 1,000 active #Bitcoin ATMs, placing it among the top 3 countries for #BTC ATM availability, alongside the  US and  Canada "
1714637410195,rektcapital,Rekt Capital,,2024-04-24T12:25:19.000Z,92,894,293,#BTCSince the November 2022 Bear Market Bottom...Bitcoin has experienced the following retraces:‚Ä¢ -23% (February 2023) lasting 21 days‚Ä¢ -21% (April/May 2023) lasting 63 days‚Ä¢ -22% (July/September 2023) lasting 63 days‚Ä¢ -21% (January 2024) lasting 14 days‚Ä¢ -18%Show more
1714637422286,natbrunell,Natalie Brunell ,,2024-04-24T15:05:27.000Z,90,603,99,".@cvpayne make sure to ask @PeterSchiff about his regret of not buying #Bitcoin the next time he joins your show. New episode with Peter on #gold, #BTC and #macro drops tomorrow! Subscribe  http://Youtube.com/nataliebrunell"
1714637423345,rektcapital,Rekt Capital,,2024-04-24T15:01:20.000Z,122,1468,500,#BTC When you zoom outYou won't be in doubt$BTC #BitcoinHalving #Bitcoin
1714637429411,KatieePCrypto,KatieePCrypto.pls,,2024-04-24T15:00:53.000Z,47,659,112,Hong Kong #ETH ETF is officially approved. Begins trading April 30th!LETS GO!ETH pump pending.#PulseChain is a leverage play on ETH.
1714637430504,rektcapital,Rekt Capital,,2024-04-24T15:00:32.000Z,36,482,153,"#BTC Because of the most recent Weekly Close, this $65600 level is by default a resistanceWhich is why Bitcoin needs to reclaim this level as support this week to change thatBut at the moment, Bitcoin is struggling to do thatLots can still change however, we are onlyShow more"
1714637431559,BitcoinNewsCom,Bitcoin News,,2024-04-24T14:30:00.000Z,24,472,116,"NEW:  Australia has over 1,000 active #Bitcoin ATMs, placing it among the top 3 countries for #BTC ATM availability, alongside the  US and  Canada "
1714637432613,rektcapital,Rekt Capital,,2024-04-24T12:25:19.000Z,92,894,293,#BTCSince the November 2022 Bear Market Bottom...Bitcoin has experienced the following retraces:‚Ä¢ -23% (February 2023) lasting 21 days‚Ä¢ -21% (April/May 2023) lasting 63 days‚Ä¢ -22% (July/September 2023) lasting 63 days‚Ä¢ -21% (January 2024) lasting 14 days‚Ä¢ -18%Show more
1714637433678,BitcoinMagazine,Bitcoin Magazine,,2024-04-24T12:17:16.000Z,219,6089,1455,JUST IN:  230 billion Harvest Fund‚Äôs #BTC ETF will begin trading on 30 April with a 0% fee.Bitcoin ETF fee wars begin in Hong Kong 
1714637434731,TheBTCTherapist,The ‚Çøitcoin Therapist,,2024-04-24T10:29:06.000Z,64,1511,267,Opt out. #BTC
1714637435793,naiivememe,naiive,,2024-04-24T10:21:32.000Z,48,1544,231,Buy $16 #BTC per day = 0.1 BTC per year
1714637436863,Washigorira,Titan of Crypto,,2024-04-24T10:03:24.000Z,162,1825,440,"#Bitcoin $115,000 sooner than everybody expect?Last time LMACD crossed bullish on the daily timeframe It went up 75%! LMACD just crossed bullish.If #BTC were to go up 75% again that would put its price to the target of $115k.  "
1714637437935,rektcapital,Rekt Capital,,2024-04-24T09:44:33.000Z,129,1696,526,"#BTC3 Phases of The Bitcoin Halving1. Final Pre-Halving RetraceThe Pre-Halving Retrace has already occurred and is in the booksHowever in this cycle Bitcoin produced two Pre-Halving Retraces: -18% in March and another -18% pullback this AprilIn previous cycles, this‚Ä¶Show more"
1714637438990,rektcapital,Rekt Capital,,2024-04-24T09:37:25.000Z,134,1152,343,"#BTCHere is a full list of all the pullbacks Bitcoin has performed throughout this cycle, dating to the Bear Market Bottom of 2022:‚Ä¢ -23% (February 2023)‚Ä¢ -21% (April/May 2023)‚Ä¢ -22% (July/September 2023)‚Ä¢ -21% (January 2024)‚Ä¢ -18% (March 2024)‚Ä¢ -18% (April‚Ä¶Show more"
1714637451090,Washigorira,Titan of Crypto,,2024-04-24T10:03:24.000Z,162,1825,440,"#Bitcoin $115,000 sooner than everybody expect?Last time LMACD crossed bullish on the daily timeframe It went up 75%! LMACD just crossed bullish.If #BTC were to go up 75% again that would put its price to the target of $115k.  "
1714637452169,rektcapital,Rekt Capital,,2024-04-24T09:44:33.000Z,129,1696,526,"#BTC3 Phases of The Bitcoin Halving1. Final Pre-Halving RetraceThe Pre-Halving Retrace has already occurred and is in the booksHowever in this cycle Bitcoin produced two Pre-Halving Retraces: -18% in March and another -18% pullback this AprilIn previous cycles, this‚Ä¶Show more"
1714637453260,rektcapital,Rekt Capital,,2024-04-24T09:37:25.000Z,134,1152,343,"#BTCHere is a full list of all the pullbacks Bitcoin has performed throughout this cycle, dating to the Bear Market Bottom of 2022:‚Ä¢ -23% (February 2023)‚Ä¢ -21% (April/May 2023)‚Ä¢ -22% (July/September 2023)‚Ä¢ -21% (January 2024)‚Ä¢ -18% (March 2024)‚Ä¢ -18% (April‚Ä¶Show more"
1714637454420,rektcapital,Rekt Capital,,2024-04-24T09:31:01.000Z,63,775,194,"#BTC Bitcoin has produced Re-Accumulation Ranges at the Halving beforeAlso, this is now the fifth Re-Accumulation Range that $BTC has produced throughout this cycleA period of consolidation awaitsHowever it will precede Parabolic Upside (green)#BitcoinHalving #BitcoinShow more"
1714637455487,Washigorira,Titan of Crypto,,2024-04-24T09:00:09.000Z,64,518,115,"#AltcoinsCrypto exchanges witnessed an outflow of over 260,000 #ETH equivalent to more than $781 million within the past 7 days.It‚Äôs time for #Ethereum shine. "
1714637456564,naiivememe,naiive,,2024-04-24T08:42:44.000Z,50,1057,128,My Plan B if #BTC not gonna make it
1714637457648,dsjcrypto,DSJ,,2024-04-24T07:41:55.000Z,24,1243,81,3260 now!$ETH @ETH #ETHX(twitter): http://x.com/dsjcryptoTelegram: https://t.me/dsjxcryptohttps://t.me/dsjxcrypto/112
1714637458712,KevinSvenson_,Kevin Svenson,,2024-04-24T05:50:55.000Z,139,1308,419,#BITCOIN  | Daily MACD#BTC's Daily MACD is now ìÑÄ positive for the first time since March 15th ... Jan 29th was the last time we had a significant cross up ‚û∂ on the daily MACD.ìÑÄ ?
1714637459800,naiivememe,naiive,,2024-04-24T04:23:57.000Z,30,663,58,#BTC People who bought at 17K and never post anything
1714637460872,Bluntz_Capital,Bluntz,,2024-04-24T02:52:36.000Z,111,982,115,#BTC gagging for a breakout soon.probs sideways until the burger session starts again but once we clear 67k i think the whole market flies
